vm_id,horizon,naive_r2,naive_mae,ml_r2,ml_r2_raw,ml_mae,r2_delta,skill,ml_wins
1005,10min,0.596685,0.023472,0.823299,0.823299,0.017895,0.226615,0.237593,1
1005,30min,0.320612,0.034145,0.742486,0.742486,0.022312,0.421874,0.346547,1
1005,60min,0.33941,0.032898,0.676351,0.676351,0.026433,0.336942,0.196497,1
1005,120min,-0.063474,0.045969,0.6239,0.6239,0.028471,0.687374,0.38064,1
1007,10min,0.148866,0.005176,0.080154,0.080154,0.005928,-0.068712,-0.145119,0
1007,30min,-0.060158,0.006051,-0.249968,-0.249968,0.008048,-0.18981,-0.329935,0
1007,60min,-0.212406,0.006897,-0.617346,-0.617346,0.009749,-0.40494,-0.413576,0
1007,120min,-0.461308,0.008508,-1.433286,-1.433286,0.012449,-0.971978,-0.463161,0
183,10min,1.0,0.0,-10.0,-5.238500934102355e+33,0.050289,-11.0,-50288674.628035,0
183,30min,1.0,0.0,0.0,0.0,0.271474,-1.0,-271473941.692081,0
183,60min,1.0,0.0,0.0,0.0,0.339355,-1.0,-339354855.014997,0
183,120min,1.0,0.0,0.0,0.0,0.29908,-1.0,-299079516.05533,0
184,10min,1.0,0.0,-10.0,-5.240302733879121e+33,0.042304,-11.0,-42304408.466686,0
184,30min,1.0,0.0,-10.0,-2.319388186764057e+34,0.104149,-11.0,-104148828.401846,0
184,60min,1.0,0.0,-10.0,-9.372574992945723e+34,0.221391,-11.0,-221391131.695648,0
184,120min,1.0,0.0,-10.0,-5.498387608750702e+34,0.347456,-11.0,-347455818.167457,0
185,10min,1.0,0.0,0.0,0.0,0.061991,-1.0,-61991078.812978,0
185,30min,1.0,0.0,0.0,0.0,0.42084,-1.0,-420840192.229154,0
185,60min,1.0,0.0,0.0,0.0,0.5735,-1.0,-573500205.601619,0
185,120min,1.0,0.0,0.0,0.0,0.472284,-1.0,-472284148.05095,0
186,10min,1.0,0.0,-10.0,-8.179383983086994e+32,0.016656,-11.0,-16656202.045511,0
186,30min,1.0,0.0,-10.0,-8.701980238068639e+33,0.061186,-11.0,-61185649.47918,0
186,60min,1.0,0.0,0.0,0.0,0.138342,-1.0,-138341854.0985,0
186,120min,1.0,0.0,0.0,0.0,0.243362,-1.0,-243362447.43259,0
187,10min,1.0,0.0,0.0,0.0,0.176864,-1.0,-176863586.934417,0
187,30min,1.0,0.0,0.0,0.0,0.306534,-1.0,-306533689.434244,0
187,60min,1.0,0.0,0.0,0.0,0.349964,-1.0,-349964051.250239,0
187,120min,1.0,0.0,0.0,0.0,0.302583,-1.0,-302583270.324014,0
188,10min,1.0,0.0,0.0,0.0,0.048426,-1.0,-48425847.513419,0
188,30min,1.0,0.0,0.0,0.0,0.314293,-1.0,-314292874.970531,0
188,60min,1.0,0.0,0.0,0.0,0.244509,-1.0,-244508962.609657,0
188,120min,1.0,0.0,0.0,0.0,0.405848,-1.0,-405848146.385133,0
189,10min,1.0,0.0,0.0,0.0,0.087553,-1.0,-87552548.585351,0
189,30min,1.0,0.0,0.0,0.0,0.249637,-1.0,-249636691.435493,0
189,60min,1.0,0.0,0.0,0.0,0.20212,-1.0,-202120328.710879,0
189,120min,1.0,0.0,0.0,0.0,0.394704,-1.0,-394704113.478004,0
190,10min,1.0,0.0,0.0,0.0,0.053614,-1.0,-53613896.107341,0
190,30min,1.0,0.0,0.0,0.0,0.13199,-1.0,-131990238.877961,0
190,60min,1.0,0.0,0.0,0.0,0.205975,-1.0,-205975432.498964,0
190,120min,1.0,0.0,0.0,0.0,0.307173,-1.0,-307173312.686624,0
191,10min,1.0,0.0,0.0,0.0,0.105124,-1.0,-105123684.362516,0
191,30min,1.0,0.0,0.0,0.0,0.135089,-1.0,-135088981.520516,0
191,60min,1.0,0.0,0.0,0.0,0.383293,-1.0,-383293382.843704,0
191,120min,1.0,0.0,0.0,0.0,0.342166,-1.0,-342165506.526059,0
192,10min,1.0,0.0,0.0,0.0,0.031517,-1.0,-31517224.61791,0
192,30min,1.0,0.0,0.0,0.0,0.042944,-1.0,-42943914.767654,0
192,60min,1.0,0.0,0.0,0.0,0.111505,-1.0,-111504903.965119,0
192,120min,1.0,0.0,0.0,0.0,0.179326,-1.0,-179326450.846651,0
193,10min,1.0,0.0,-10.0,-6.406242780821847e+34,0.087568,-11.0,-87567704.769389,0
193,30min,1.0,0.0,-10.0,-1.1793107098405108e+36,0.403615,-11.0,-403614557.655572,0
193,60min,1.0,0.0,-10.0,-1.456516858083482e+36,0.440897,-11.0,-440896975.871626,0
193,120min,1.0,0.0,0.0,0.0,0.405733,-1.0,-405733039.455462,0
194,10min,1.0,0.0,0.0,0.0,0.037775,-1.0,-37774995.570776,0
194,30min,1.0,0.0,0.0,0.0,0.241831,-1.0,-241831381.586332,0
194,60min,1.0,0.0,0.0,0.0,0.331424,-1.0,-331423722.377189,0
194,120min,1.0,0.0,0.0,0.0,0.455459,-1.0,-455458998.139929,0
195,10min,1.0,0.0,0.0,0.0,0.097695,-1.0,-97694505.995615,0
195,30min,1.0,0.0,0.0,0.0,0.441876,-1.0,-441875782.309122,0
195,60min,1.0,0.0,0.0,0.0,0.509339,-1.0,-509338795.639148,0
195,120min,1.0,0.0,0.0,0.0,0.575031,-1.0,-575031389.44281,0
196,10min,1.0,0.0,0.0,0.0,0.056913,-1.0,-56913446.050799,0
196,30min,1.0,0.0,0.0,0.0,0.295698,-1.0,-295698145.25856,0
196,60min,1.0,0.0,0.0,0.0,0.278869,-1.0,-278868533.764447,0
196,120min,1.0,0.0,0.0,0.0,0.418073,-1.0,-418072550.973009,0
197,10min,1.0,0.0,0.0,0.0,0.090912,-1.0,-90911873.810787,0
197,30min,1.0,0.0,0.0,0.0,0.317432,-1.0,-317431773.343635,0
197,60min,1.0,0.0,0.0,0.0,0.309251,-1.0,-309250925.630452,0
197,120min,1.0,0.0,0.0,0.0,0.346361,-1.0,-346360551.522742,0
198,10min,1.0,0.0,0.0,0.0,0.033083,-1.0,-33082922.38407,0
198,30min,1.0,0.0,0.0,0.0,0.108496,-1.0,-108495994.160728,0
198,60min,1.0,0.0,0.0,0.0,0.124465,-1.0,-124464679.906356,0
198,120min,1.0,0.0,0.0,0.0,0.220922,-1.0,-220921924.151488,0
199,10min,1.0,0.0,0.0,0.0,0.017127,-1.0,-17126842.353611,0
199,30min,1.0,0.0,0.0,0.0,0.082398,-1.0,-82397648.872543,0
199,60min,1.0,0.0,0.0,0.0,0.157927,-1.0,-157926696.258949,0
199,120min,1.0,0.0,0.0,0.0,0.182598,-1.0,-182597963.160221,0
200,10min,1.0,0.0,0.0,0.0,0.036798,-1.0,-36797792.151771,0
200,30min,1.0,0.0,0.0,0.0,0.104814,-1.0,-104813680.01888,0
200,60min,1.0,0.0,0.0,0.0,0.318426,-1.0,-318426039.601629,0
200,120min,1.0,0.0,0.0,0.0,0.107092,-1.0,-107091708.804179,0
201,10min,1.0,0.0,0.0,0.0,0.03321,-1.0,-33210257.480659,0
201,30min,1.0,0.0,0.0,0.0,0.139328,-1.0,-139327697.419173,0
201,60min,1.0,0.0,0.0,0.0,0.180738,-1.0,-180738447.873227,0
201,120min,1.0,0.0,0.0,0.0,0.30048,-1.0,-300480457.946705,0
202,10min,1.0,0.0,0.0,0.0,0.138745,-1.0,-138744666.330999,0
202,30min,1.0,0.0,0.0,0.0,0.201969,-1.0,-201968591.940016,0
202,60min,1.0,0.0,0.0,0.0,0.343206,-1.0,-343205585.271529,0
202,120min,1.0,0.0,0.0,0.0,0.247237,-1.0,-247236987.804614,0
203,10min,1.0,0.0,0.0,0.0,0.043204,-1.0,-43203616.853765,0
203,30min,1.0,0.0,0.0,0.0,0.17138,-1.0,-171380318.738366,0
203,60min,1.0,0.0,0.0,0.0,0.251506,-1.0,-251505813.302656,0
203,120min,1.0,0.0,0.0,0.0,0.338225,-1.0,-338224584.895116,0
204,10min,1.0,0.0,0.0,0.0,0.207798,-1.0,-207797521.39759,0
204,30min,1.0,0.0,0.0,0.0,0.360074,-1.0,-360073540.946579,0
204,60min,1.0,0.0,0.0,0.0,0.380049,-1.0,-380049135.044277,0
204,120min,1.0,0.0,0.0,0.0,0.204847,-1.0,-204846748.047826,0
205,10min,1.0,0.0,0.0,0.0,0.023721,-1.0,-23720758.980457,0
205,30min,1.0,0.0,0.0,0.0,0.092128,-1.0,-92127523.957086,0
205,60min,1.0,0.0,0.0,0.0,0.235229,-1.0,-235228503.580384,0
205,120min,1.0,0.0,0.0,0.0,0.409002,-1.0,-409002493.089538,0
206,10min,1.0,0.0,0.0,0.0,0.032128,-1.0,-32128021.310681,0
206,30min,1.0,0.0,0.0,0.0,0.197995,-1.0,-197994522.808193,0
206,60min,1.0,0.0,0.0,0.0,0.321799,-1.0,-321799461.40863,0
206,120min,1.0,0.0,0.0,0.0,0.518335,-1.0,-518334619.096944,0
207,10min,1.0,0.0,0.0,0.0,0.080211,-1.0,-80210745.076292,0
207,30min,1.0,0.0,0.0,0.0,0.137701,-1.0,-137701038.321291,0
207,60min,1.0,0.0,0.0,0.0,0.213498,-1.0,-213498017.835031,0
207,120min,1.0,0.0,0.0,0.0,0.323556,-1.0,-323555854.710913,0
208,10min,1.0,0.0,0.0,0.0,0.09834,-1.0,-98339722.928076,0
208,30min,1.0,0.0,0.0,0.0,0.24013,-1.0,-240129628.215162,0
208,60min,1.0,0.0,0.0,0.0,0.408279,-1.0,-408279183.37277,0
208,120min,1.0,0.0,0.0,0.0,0.513538,-1.0,-513537600.63583,0
209,10min,0.342911,0.017285,-1.557368,-1.557368,0.122137,-1.900279,-6.066152,0
209,30min,-0.213929,0.028347,-2.487387,-2.487387,0.13408,-2.273458,-3.729995,0
209,60min,-0.331416,0.031134,-4.975897,-4.975897,0.156711,-4.644481,-4.033527,0
209,120min,-0.924762,0.041374,-10.0,-10.574311,0.252998,-9.075238,-5.114868,0
210,10min,1.0,0.0,0.0,0.0,0.025401,-1.0,-25401462.492964,0
210,30min,1.0,0.0,0.0,0.0,0.152564,-1.0,-152563996.388166,0
210,60min,1.0,0.0,-10.0,-1.4021974377137906e+35,0.238837,-11.0,-238836750.396217,0
210,120min,1.0,0.0,-10.0,-2.0997094499132044e+36,0.468675,-11.0,-468674947.837879,0
211,10min,0.601022,0.133991,0.475955,0.475955,0.210297,-0.125068,-0.569486,0
211,30min,-0.041691,0.267962,0.053255,0.053255,0.326846,0.094946,-0.219747,1
211,60min,-0.760743,0.405115,-0.310627,-0.310627,0.416601,0.450116,-0.028353,1
211,120min,-0.521257,0.362566,-0.264874,-0.264874,0.412581,0.256383,-0.137948,1
212,10min,1.0,0.0,0.0,0.0,0.103773,-1.0,-103773097.860739,0
212,30min,1.0,0.0,0.0,0.0,0.229127,-1.0,-229126701.226162,0
212,60min,1.0,0.0,0.0,0.0,0.286669,-1.0,-286668968.135781,0
212,120min,1.0,0.0,0.0,0.0,0.310994,-1.0,-310994160.160119,0
213,10min,0.675134,0.11486,0.538326,0.538326,0.19827,-0.136807,-0.72619,0
213,30min,0.077594,0.245091,0.103303,0.103303,0.333287,0.025709,-0.359852,1
213,60min,-0.634116,0.391385,-0.202093,-0.202093,0.421171,0.432023,-0.076105,1
213,120min,-0.387878,0.343825,-0.030279,-0.030279,0.387543,0.357599,-0.127152,1
214,10min,1.0,0.0,0.0,0.0,0.17192,-1.0,-171919743.942919,0
214,30min,1.0,0.0,0.0,0.0,0.41531,-1.0,-415309867.065315,0
214,60min,1.0,0.0,0.0,0.0,0.468638,-1.0,-468638452.233588,0
214,120min,1.0,0.0,0.0,0.0,0.43378,-1.0,-433779899.42946,0
215,10min,1.0,0.0,0.0,0.0,0.099756,-1.0,-99756061.670044,0
215,30min,1.0,0.0,0.0,0.0,0.194796,-1.0,-194796405.414854,0
215,60min,1.0,0.0,0.0,0.0,0.31379,-1.0,-313790122.944463,0
215,120min,1.0,0.0,0.0,0.0,0.329552,-1.0,-329551720.700465,0
216,10min,1.0,0.0,0.0,0.0,0.062687,-1.0,-62687201.489433,0
216,30min,1.0,0.0,0.0,0.0,0.161316,-1.0,-161315821.192705,0
216,60min,1.0,0.0,0.0,0.0,0.301908,-1.0,-301907676.78235,0
216,120min,1.0,0.0,0.0,0.0,0.442623,-1.0,-442622727.050033,0
217,10min,1.0,0.0,0.0,0.0,0.079366,-1.0,-79365867.891372,0
217,30min,1.0,0.0,0.0,0.0,0.28053,-1.0,-280529755.059283,0
217,60min,1.0,0.0,0.0,0.0,0.24398,-1.0,-243980343.919246,0
217,120min,1.0,0.0,0.0,0.0,0.364851,-1.0,-364851338.571954,0
219,10min,0.665942,0.126329,0.544798,0.544798,0.201255,-0.121145,-0.593106,0
219,30min,0.032788,0.270105,0.146549,0.146549,0.306823,0.113761,-0.135938,1
219,60min,-0.71187,0.421093,-0.059534,-0.059534,0.383641,0.652336,0.088939,1
219,120min,-0.488158,0.379609,-0.053601,-0.053601,0.38447,0.434557,-0.012807,1
220,10min,0.63825,0.12976,0.561444,0.561444,0.185191,-0.076806,-0.427186,0
220,30min,-0.026088,0.278402,0.112143,0.112143,0.312755,0.138231,-0.123392,1
220,60min,-0.834614,0.43934,-0.223821,-0.223821,0.403538,0.610793,0.081491,1
220,120min,-0.586884,0.389284,-0.167599,-0.167599,0.393723,0.419285,-0.011404,1
221,10min,0.680769,0.118254,0.564629,0.564629,0.196643,-0.116141,-0.662884,0
221,30min,0.073294,0.255798,0.187747,0.187747,0.299129,0.114453,-0.169394,1
221,60min,-0.704298,0.420214,-0.128447,-0.128447,0.39157,0.575851,0.068166,1
221,120min,-0.495838,0.374358,-0.021511,-0.021511,0.373409,0.474327,0.002533,1
222,10min,0.688175,0.11581,0.617978,0.617978,0.17295,-0.070197,-0.493401,0
222,30min,0.094604,0.253616,0.268446,0.268446,0.276356,0.173842,-0.089664,1
222,60min,-0.582337,0.395949,0.0119,0.0119,0.354835,0.594237,0.103838,1
222,120min,-0.404168,0.362651,0.025022,0.025022,0.354663,0.42919,0.022026,1
223,10min,0.689556,0.115647,0.618334,0.618334,0.182976,-0.071222,-0.582189,0
223,30min,0.066815,0.259986,0.215841,0.215841,0.316668,0.149026,-0.218017,1
223,60min,-0.673031,0.417084,-0.065151,-0.065151,0.399054,0.60788,0.043227,1
223,120min,-0.410654,0.362866,-0.06671,-0.06671,0.403886,0.343944,-0.113045,1
224,10min,0.66794,0.120664,0.584143,0.584143,0.178703,-0.083797,-0.480994,0
224,30min,0.037955,0.263127,0.213239,0.213239,0.290217,0.175283,-0.102953,1
224,60min,-0.724279,0.419489,-0.071907,-0.071907,0.37332,0.652371,0.11006,1
224,120min,-0.547211,0.383964,0.004844,0.004844,0.361246,0.552055,0.059168,1
225,10min,0.692835,0.113166,0.611885,0.611885,0.173018,-0.08095,-0.528886,0
225,30min,0.081339,0.256567,0.19641,0.19641,0.295884,0.115071,-0.153242,1
225,60min,-0.688391,0.415107,-0.058545,-0.058545,0.375225,0.629847,0.096077,1
225,120min,-0.518114,0.376815,0.079224,0.079224,0.351442,0.597337,0.067334,1
226,10min,0.693755,0.112669,0.591922,0.591922,0.182719,-0.101833,-0.621743,0
226,30min,0.063014,0.255582,0.257438,0.257438,0.292376,0.194424,-0.14396,1
226,60min,-0.740995,0.426817,-0.032709,-0.032709,0.385876,0.708286,0.095923,1
226,120min,-0.478328,0.368692,-0.057989,-0.057989,0.384995,0.420339,-0.04422,1
227,10min,0.685731,0.115098,0.58219,0.58219,0.183492,-0.103542,-0.594222,0
227,30min,0.072302,0.252921,0.238732,0.238732,0.278324,0.166431,-0.100438,1
227,60min,-0.704527,0.418874,-0.020351,-0.020351,0.36231,0.684176,0.135037,1
227,120min,-0.480562,0.37079,0.063279,0.063279,0.351221,0.543841,0.052776,1
228,10min,0.711021,0.10788,0.59859,0.59859,0.183676,-0.112431,-0.70259,0
228,30min,0.109321,0.247034,0.227461,0.227461,0.306003,0.118139,-0.238711,1
228,60min,-0.629289,0.40656,-0.080207,-0.080207,0.377714,0.549083,0.07095,1
228,120min,-0.505255,0.379924,-0.060314,-0.060314,0.382157,0.444941,-0.005877,1
229,10min,0.74278,0.094786,0.685434,0.685434,0.138139,-0.057346,-0.457378,0
229,30min,0.297368,0.197371,0.367814,0.367814,0.225338,0.070446,-0.141696,1
229,60min,-0.095905,0.279712,0.170886,0.170886,0.285528,0.266791,-0.020793,1
229,120min,-0.145242,0.290165,0.050906,0.050906,0.318481,0.196148,-0.097585,1
230,10min,0.737132,0.099201,0.645885,0.645885,0.151699,-0.091246,-0.529211,0
230,30min,0.239981,0.205025,0.346472,0.346472,0.231391,0.106491,-0.128597,1
230,60min,-0.281129,0.306683,0.107079,0.107079,0.307784,0.388209,-0.00359,1
230,120min,-0.235798,0.30051,-0.000626,-0.000626,0.339779,0.235171,-0.130673,1
231,10min,0.730583,0.089017,0.599217,0.599217,0.147688,-0.131367,-0.6591,0
231,30min,0.26295,0.183034,0.281451,0.281451,0.222798,0.018501,-0.217253,1
231,60min,-0.183475,0.266323,0.028162,0.028162,0.2762,0.211637,-0.037088,1
231,120min,-0.299809,0.287054,-0.056459,-0.056459,0.295618,0.24335,-0.029835,1
232,10min,0.72699,0.091254,0.465037,0.465037,0.189919,-0.261953,-1.081207,0
232,30min,0.265521,0.176045,0.032482,0.032482,0.277717,-0.233039,-0.577531,0
232,60min,-0.253067,0.261556,-0.064964,-0.064964,0.309698,0.188103,-0.184058,1
232,120min,-0.333216,0.278999,-0.311367,-0.311367,0.35165,0.021849,-0.260397,1
233,10min,0.726296,0.094219,0.604521,0.604521,0.153977,-0.121775,-0.634246,0
233,30min,0.339019,0.170172,0.30844,0.30844,0.227237,-0.030579,-0.335333,0
233,60min,-0.004898,0.230586,0.11028,0.11028,0.268899,0.115178,-0.166158,1
233,120min,-0.178892,0.258933,0.027107,0.027107,0.293145,0.205999,-0.132129,1
234,10min,0.76202,0.08587,0.665188,0.665188,0.131692,-0.096832,-0.533621,0
234,30min,0.38778,0.164247,0.410029,0.410029,0.198989,0.022249,-0.211522,1
234,60min,-0.015251,0.23983,0.276748,0.276748,0.24146,0.291999,-0.006795,1
234,120min,-0.140723,0.258604,0.196599,0.196599,0.269896,0.337323,-0.043663,1
235,10min,0.743086,0.087691,0.648786,0.648786,0.134634,-0.0943,-0.535316,0
235,30min,0.297868,0.174173,0.361425,0.361425,0.203655,0.063557,-0.169263,1
235,60min,-0.124767,0.253183,0.157768,0.157768,0.256241,0.282536,-0.012078,1
235,120min,-0.255876,0.278061,-0.042555,-0.042555,0.3066,0.213321,-0.102634,1
236,10min,0.726626,0.093275,0.62991,0.62991,0.147236,-0.096715,-0.578521,0
236,30min,0.338631,0.174746,0.30173,0.30173,0.22177,-0.0369,-0.2691,0
236,60min,-0.173888,0.266726,-0.00158,-0.00158,0.302724,0.172308,-0.134966,1
236,120min,-0.45764,0.316415,-0.1579,-0.1579,0.348482,0.29974,-0.101343,1
237,10min,0.740461,0.092033,0.654602,0.654602,0.139727,-0.085859,-0.518228,0
237,30min,0.346783,0.175423,0.393075,0.393075,0.212238,0.046292,-0.20986,1
237,60min,-0.141695,0.266774,0.202967,0.202967,0.262968,0.344662,0.014267,1
237,120min,-0.446108,0.323532,-0.139231,-0.139231,0.346708,0.306877,-0.071632,1
238,10min,0.785425,0.084828,0.694861,0.694861,0.140403,-0.090564,-0.655142,0
238,30min,0.404167,0.16964,0.392959,0.392959,0.224613,-0.011208,-0.324055,0
238,60min,0.004908,0.249837,0.116173,0.116173,0.287123,0.111265,-0.149242,1
238,120min,-0.282972,0.304258,0.016479,0.016479,0.327441,0.29945,-0.076196,1
239,10min,0.788927,0.081074,0.609534,0.609534,0.187032,-0.179393,-1.306933,0
239,30min,0.396242,0.174037,0.187831,0.187831,0.304164,-0.208411,-0.747704,0
239,60min,-0.145393,0.290642,-0.1223,-0.1223,0.384956,0.023093,-0.324503,1
239,120min,-0.228962,0.316419,-0.27332,-0.27332,0.443608,-0.044357,-0.401962,0
240,10min,0.653241,0.126393,0.635333,0.635333,0.172408,-0.017908,-0.364063,0
240,30min,0.29935,0.209982,0.422004,0.422004,0.241601,0.122654,-0.150577,1
240,60min,0.040061,0.273876,0.117705,0.117705,0.323924,0.077644,-0.182741,1
240,120min,-0.142107,0.308793,-0.064607,-0.064607,0.370544,0.0775,-0.199975,1
241,10min,0.770676,0.086671,0.697071,0.697071,0.150294,-0.073605,-0.734069,0
241,30min,0.389451,0.178421,0.374561,0.374561,0.252949,-0.01489,-0.417707,0
241,60min,-0.142619,0.296217,0.120982,0.120982,0.324604,0.263601,-0.095831,1
241,120min,-0.176912,0.309368,0.119392,0.119392,0.337019,0.296304,-0.089381,1
242,10min,0.65986,0.123656,0.634909,0.634909,0.167468,-0.024951,-0.354309,0
242,30min,0.286303,0.213928,0.433179,0.433179,0.233241,0.146876,-0.090278,1
242,60min,0.032684,0.274915,0.209668,0.209668,0.30889,0.176984,-0.123584,1
242,120min,-0.131103,0.311347,0.045692,0.045692,0.33446,0.176795,-0.074235,1
243,10min,0.787208,0.081653,0.670668,0.670668,0.162594,-0.116539,-0.991284,0
243,30min,0.409822,0.170303,0.362863,0.362863,0.263154,-0.046959,-0.545211,0
243,60min,-0.108647,0.287195,0.05947,0.05947,0.351357,0.168118,-0.223407,1
243,120min,-0.200621,0.313612,0.07164,0.07164,0.362923,0.272261,-0.157237,1
244,10min,0.625628,0.130646,0.588283,0.588283,0.188129,-0.037345,-0.439993,0
244,30min,0.226527,0.222746,0.344587,0.344587,0.272469,0.11806,-0.22323,1
244,60min,-0.052392,0.289146,0.171107,0.171107,0.308804,0.223499,-0.067987,1
244,120min,-0.220866,0.327849,-0.09146,-0.09146,0.362703,0.129406,-0.106312,1
245,10min,0.935337,0.008262,0.861476,0.861476,0.055801,-0.073862,-5.753546,0
245,30min,0.813738,0.020642,0.64877,0.64877,0.105644,-0.164968,-4.117929,0
245,60min,0.736779,0.028942,0.556345,0.556345,0.128781,-0.180434,-3.449686,0
245,120min,0.496068,0.050144,-0.743665,-0.743665,0.331461,-1.239734,-5.610155,0
246,10min,0.644716,0.127009,0.625506,0.625506,0.17615,-0.01921,-0.38691,0
246,30min,0.21928,0.223402,0.290245,0.290245,0.283204,0.070965,-0.267685,1
246,60min,-0.019405,0.277173,0.184813,0.184813,0.309575,0.204219,-0.116902,1
246,120min,-0.190154,0.318343,0.044999,0.044999,0.335385,0.235153,-0.053532,1
247,10min,0.817445,0.074072,0.730953,0.730953,0.147036,-0.086492,-0.985055,0
247,30min,0.523926,0.147438,0.470253,0.470253,0.253639,-0.053673,-0.720311,0
247,60min,0.192829,0.22618,0.273192,0.273192,0.312603,0.080362,-0.382098,1
247,120min,0.130944,0.2462,0.131334,0.131334,0.352277,0.00039,-0.430855,1
248,10min,0.589582,0.134697,0.550514,0.550514,0.190373,-0.039068,-0.413342,0
248,30min,0.18132,0.224593,0.314289,0.314289,0.258415,0.132969,-0.150591,1
248,60min,-0.121168,0.289886,0.188277,0.188277,0.295917,0.309445,-0.020806,1
248,120min,-0.167522,0.306342,0.107995,0.107995,0.320219,0.275516,-0.045298,1
249,10min,0.774208,0.085528,0.696506,0.696506,0.144719,-0.077702,-0.692073,0
249,30min,0.361276,0.182537,0.40506,0.40506,0.241652,0.043784,-0.323851,1
249,60min,-0.181753,0.30286,0.082295,0.082295,0.330563,0.264048,-0.09147,1
249,120min,-0.151914,0.303835,0.034106,0.034106,0.352331,0.18602,-0.159614,1
250,10min,0.620942,0.123136,0.613217,0.613217,0.165255,-0.007725,-0.342054,0
250,30min,0.224271,0.210024,0.406927,0.406927,0.228616,0.182656,-0.088527,1
250,60min,-0.000211,0.260614,0.182326,0.182326,0.297575,0.182537,-0.141822,1
250,120min,-0.086548,0.284151,0.151941,0.151941,0.311478,0.23849,-0.096172,1
251,10min,0.788631,0.082185,0.726321,0.726321,0.13023,-0.06231,-0.584584,0
251,30min,0.396574,0.175607,0.444025,0.444025,0.22266,0.047451,-0.267944,1
251,60min,-0.129185,0.291184,0.115659,0.115659,0.324692,0.244843,-0.115074,1
251,120min,-0.107519,0.293875,0.017588,0.017588,0.372647,0.125106,-0.268044,1
252,10min,0.606351,0.130352,0.556917,0.556917,0.191484,-0.049434,-0.468972,0
252,30min,0.210578,0.216191,0.288405,0.288405,0.276623,0.077827,-0.279534,1
252,60min,-0.015583,0.267032,0.182648,0.182648,0.303754,0.198231,-0.137522,1
252,120min,-0.155166,0.294732,0.047538,0.047538,0.335256,0.202704,-0.137496,1
253,10min,0.788977,0.080666,0.712191,0.712191,0.135876,-0.076786,-0.684419,0
253,30min,0.380127,0.178447,0.366727,0.366727,0.242794,-0.0134,-0.360594,0
253,60min,-0.169571,0.300044,0.037067,0.037067,0.342311,0.206638,-0.140866,1
253,120min,-0.161993,0.303284,0.05595,0.05595,0.356528,0.217942,-0.175558,1
254,10min,0.62944,0.123148,0.571881,0.571881,0.188484,-0.05756,-0.530551,0
254,30min,0.216808,0.212454,0.28777,0.28777,0.26604,0.070962,-0.252222,1
254,60min,0.010177,0.260304,0.187071,0.187071,0.303347,0.176894,-0.165357,1
254,120min,-0.083964,0.279127,0.120551,0.120551,0.326897,0.204515,-0.171142,1
255,10min,0.777825,0.083441,0.688675,0.688675,0.15803,-0.08915,-0.893921,0
255,30min,0.384715,0.178755,0.352672,0.352672,0.26456,-0.032042,-0.480008,0
255,60min,-0.155478,0.295312,0.115577,0.115577,0.329746,0.271055,-0.116602,1
255,120min,-0.135353,0.29687,0.061661,0.061661,0.357327,0.197014,-0.20365,1
256,10min,0.655089,0.118302,0.633911,0.633911,0.173837,-0.021178,-0.469436,0
256,30min,0.285724,0.202775,0.395506,0.395506,0.24726,0.109782,-0.219379,1
256,60min,0.050516,0.25762,0.189779,0.189779,0.31138,0.139262,-0.20868,1
256,120min,-0.027131,0.271641,-0.040537,-0.040537,0.366324,-0.013407,-0.348559,0
257,10min,0.913249,0.009374,0.837079,0.837079,0.060384,-0.07617,-5.441482,0
257,30min,0.755041,0.02218,0.553204,0.553204,0.123965,-0.201838,-4.589012,0
257,60min,0.679049,0.030997,0.456164,0.456164,0.140208,-0.222885,-3.523214,0
257,120min,0.401624,0.055504,0.086616,0.086616,0.182845,-0.315007,-2.294282,0
258,10min,0.666272,0.11767,0.49292,0.49292,0.221724,-0.173352,-0.884296,0
258,30min,0.247548,0.214741,0.298283,0.298283,0.289318,0.050734,-0.347288,1
258,60min,0.02861,0.265059,0.235719,0.235719,0.323592,0.207109,-0.22083,1
258,120min,-0.021893,0.276743,0.160172,0.160172,0.333242,0.182065,-0.204157,1
259,10min,0.825984,0.066844,0.754904,0.754904,0.13551,-0.07108,-1.027263,0
259,30min,0.545517,0.135192,0.534897,0.534897,0.209538,-0.01062,-0.549928,0
259,60min,0.236211,0.20635,0.285629,0.285629,0.306397,0.049418,-0.484839,1
259,120min,-0.007426,0.263955,0.063979,0.063979,0.372397,0.071405,-0.410836,1
260,10min,0.824654,0.067328,0.612483,0.612483,0.178321,-0.212171,-1.648554,0
260,30min,0.543088,0.134739,0.33287,0.33287,0.264903,-0.210217,-0.966041,0
260,60min,0.204265,0.209329,-0.022271,-0.022271,0.365704,-0.226536,-0.747036,0
260,120min,-0.064854,0.269208,-0.095209,-0.095209,0.38883,-0.030355,-0.44435,0
261,10min,0.816952,0.06879,0.751138,0.751138,0.134445,-0.065814,-0.954432,0
261,30min,0.531689,0.137911,0.454382,0.454382,0.223403,-0.077307,-0.619901,0
261,60min,0.209785,0.209184,0.168238,0.168238,0.288644,-0.041547,-0.379854,0
261,120min,-0.022714,0.262946,-0.047315,-0.047315,0.354295,-0.024601,-0.347404,0
262,10min,0.806767,0.07163,0.74542,0.74542,0.130917,-0.061346,-0.827694,0
262,30min,0.514327,0.13918,0.499901,0.499901,0.213016,-0.014427,-0.530509,0
262,60min,0.197272,0.208168,0.23648,0.23648,0.288192,0.039209,-0.384419,1
262,120min,0.013589,0.254969,-0.020646,-0.020646,0.370214,-0.034235,-0.452,0
263,10min,0.844261,0.063241,0.757082,0.757082,0.131646,-0.087179,-1.081662,0
263,30min,0.582776,0.127491,0.450171,0.450171,0.230821,-0.132605,-0.810496,0
263,60min,0.300615,0.194082,0.260973,0.260973,0.298082,-0.039642,-0.535858,0
263,120min,0.048622,0.252801,0.008332,0.008332,0.359117,-0.04029,-0.420552,0
264,10min,0.844636,0.063649,0.79562,0.79562,0.106814,-0.049016,-0.67818,0
264,30min,0.585106,0.128206,0.562875,0.562875,0.192453,-0.022231,-0.501124,0
264,60min,0.295985,0.195959,0.303427,0.303427,0.271658,0.007442,-0.386301,1
264,120min,0.079902,0.249554,0.109617,0.109617,0.339197,0.029715,-0.359214,1
265,10min,0.847786,0.060467,0.776436,0.776436,0.122719,-0.07135,-1.029523,0
265,30min,0.589278,0.123966,0.505391,0.505391,0.209687,-0.083887,-0.691484,0
265,60min,0.265987,0.197662,0.204655,0.204655,0.296106,-0.061333,-0.498046,0
265,120min,-0.048488,0.269073,0.009489,0.009489,0.347985,0.057976,-0.293272,1
266,10min,0.848115,0.060876,0.77344,0.77344,0.128349,-0.074675,-1.108381,0
266,30min,0.591503,0.124969,0.537207,0.537207,0.212192,-0.054296,-0.697953,0
266,60min,0.283442,0.195419,0.279859,0.279859,0.304901,-0.003583,-0.56024,0
266,120min,-0.055183,0.271463,-0.015247,-0.015247,0.371892,0.039937,-0.369954,1
267,10min,0.838636,0.064618,0.781162,0.781162,0.110322,-0.057474,-0.707301,0
267,30min,0.580873,0.130793,0.54608,0.54608,0.183583,-0.034793,-0.403616,0
267,60min,0.284539,0.199668,0.31722,0.31722,0.261136,0.032681,-0.307854,1
267,120min,0.038585,0.257398,0.099984,0.099984,0.334308,0.061399,-0.298799,1
268,10min,0.852621,0.059043,0.787554,0.787554,0.115975,-0.065066,-0.964266,0
268,30min,0.599113,0.123131,0.552616,0.552616,0.19924,-0.046497,-0.618124,0
268,60min,0.302252,0.190218,0.274722,0.274722,0.28217,-0.02753,-0.4834,0
268,120min,0.047526,0.253558,0.008571,0.008571,0.35746,-0.038955,-0.409775,0
269,10min,0.865614,0.055155,0.816245,0.816245,0.097149,-0.049369,-0.761377,0
269,30min,0.640728,0.113194,0.630908,0.630908,0.168909,-0.00982,-0.492205,0
269,60min,0.393131,0.171478,0.410622,0.410622,0.245857,0.017491,-0.433748,1
269,120min,0.099307,0.239205,0.090231,0.090231,0.334854,-0.009076,-0.399862,0
270,10min,0.823681,0.065531,0.773214,0.773214,0.107319,-0.050468,-0.637678,0
270,30min,0.561982,0.128145,0.553613,0.553613,0.177862,-0.008369,-0.387972,0
270,60min,0.273046,0.195033,0.370016,0.370016,0.237389,0.09697,-0.217173,1
270,120min,0.090519,0.240622,0.213585,0.213585,0.301312,0.123066,-0.252223,1
271,10min,0.855253,0.055481,0.795492,0.795492,0.109375,-0.059761,-0.971398,0
271,30min,0.631268,0.109418,0.510371,0.510371,0.203773,-0.120897,-0.862333,0
271,60min,0.372724,0.16627,0.229946,0.229946,0.284964,-0.142778,-0.713861,0
271,120min,0.111258,0.221607,-0.041214,-0.041214,0.355395,-0.152472,-0.603718,0
272,10min,0.835859,0.060231,0.772505,0.772505,0.115581,-0.063354,-0.91896,0
272,30min,0.593877,0.117254,0.523954,0.523954,0.207165,-0.069923,-0.766811,0
272,60min,0.308103,0.17882,0.229131,0.229131,0.2905,-0.078972,-0.624536,0
272,120min,0.057183,0.234602,0.160689,0.160689,0.316769,0.103506,-0.350241,1
273,10min,0.818594,0.064752,0.657324,0.657324,0.18454,-0.16127,-1.849957,0
273,30min,0.553771,0.123987,0.272777,0.272777,0.30154,-0.280994,-1.432032,0
273,60min,0.294049,0.182013,0.099368,0.099368,0.334738,-0.194681,-0.839088,0
273,120min,0.046492,0.237799,-0.756666,-0.756666,0.511727,-0.803158,-1.151929,0
274,10min,0.847157,0.058173,0.789881,0.789881,0.104494,-0.057275,-0.796267,0
274,30min,0.618963,0.111875,0.550509,0.550509,0.181284,-0.068454,-0.620418,0
274,60min,0.357639,0.171394,0.328574,0.328574,0.248853,-0.029064,-0.451936,0
274,120min,0.075023,0.234597,0.131908,0.131908,0.309545,0.056885,-0.319472,1
275,10min,0.820286,0.067553,0.754112,0.754112,0.126791,-0.066174,-0.876921,0
275,30min,0.569608,0.127766,0.563822,0.563822,0.187597,-0.005787,-0.468291,0
275,60min,0.356553,0.177221,0.352877,0.352877,0.247263,-0.003676,-0.395219,0
275,120min,0.083707,0.238528,0.119903,0.119903,0.324275,0.036197,-0.359486,1
276,10min,0.849653,0.061132,0.786695,0.786695,0.116292,-0.062957,-0.902313,0
276,30min,0.647211,0.114885,0.508388,0.508388,0.214419,-0.138824,-0.866375,0
276,60min,0.43171,0.16382,0.264386,0.264386,0.288636,-0.167324,-0.761906,0
276,120min,0.12753,0.230634,0.033263,0.033263,0.355256,-0.094267,-0.540342,0
277,10min,0.844406,0.057218,0.764611,0.764611,0.113497,-0.079795,-0.983579,0
277,30min,0.616754,0.111124,0.492436,0.492436,0.2057,-0.124317,-0.851081,0
277,60min,0.41795,0.15743,0.237003,0.237003,0.280484,-0.180947,-0.781642,0
277,120min,0.15264,0.216038,0.018744,0.018744,0.366068,-0.133895,-0.694461,0
278,10min,0.608322,0.127146,0.622852,0.622852,0.172735,0.014531,-0.358555,1
278,30min,0.16935,0.222832,0.343262,0.343262,0.259426,0.173912,-0.16422,1
278,60min,-0.109441,0.281892,0.11198,0.11198,0.332773,0.221421,-0.180498,1
278,120min,-0.153738,0.291447,0.121835,0.121835,0.331841,0.275573,-0.138598,1
279,10min,0.833082,0.059157,0.737977,0.737977,0.121814,-0.095105,-1.059178,0
279,30min,0.594818,0.113391,0.495054,0.495054,0.1939,-0.099764,-0.710015,0
279,60min,0.378683,0.159287,0.2463,0.2463,0.260647,-0.132383,-0.636341,0
279,120min,0.082063,0.221088,0.044238,0.044238,0.318495,-0.037825,-0.440583,0
280,10min,0.653272,0.116237,0.617589,0.617589,0.183484,-0.035683,-0.578531,0
280,30min,0.267752,0.199328,0.291384,0.291384,0.278411,0.023632,-0.396749,1
280,60min,0.041329,0.249782,0.088309,0.088309,0.340944,0.04698,-0.364966,1
280,120min,-0.027305,0.260366,0.070532,0.070532,0.345327,0.097837,-0.326311,1
281,10min,0.810372,0.062065,0.710863,0.710863,0.138248,-0.099509,-1.227448,0
281,30min,0.562071,0.115764,0.428842,0.428842,0.222273,-0.133229,-0.920057,0
281,60min,0.366573,0.159747,0.216259,0.216259,0.278299,-0.150314,-0.74212,0
281,120min,0.134336,0.212964,0.104344,0.104344,0.329982,-0.029992,-0.549476,0
282,10min,0.660155,0.115801,0.66255,0.66255,0.157441,0.002395,-0.359582,1
282,30min,0.248457,0.206685,0.457994,0.457994,0.225082,0.209538,-0.089012,1
282,60min,0.015278,0.25578,0.223012,0.223012,0.287709,0.207734,-0.124832,1
282,120min,-0.077227,0.279421,0.232606,0.232606,0.282106,0.309833,-0.009606,1
283,10min,0.812303,0.060285,0.740674,0.740674,0.111213,-0.071629,-0.84478,0
283,30min,0.605711,0.104435,0.536346,0.536346,0.17659,-0.069365,-0.690904,0
283,60min,0.451559,0.139301,0.295146,0.295146,0.245778,-0.156414,-0.764372,0
283,120min,0.146252,0.201708,0.054271,0.054271,0.314038,-0.091981,-0.556892,0
284,10min,0.614148,0.124781,0.543017,0.543017,0.215375,-0.071131,-0.72602,0
284,30min,0.196594,0.215916,0.252008,0.252008,0.31032,0.055414,-0.437227,1
284,60min,-0.063805,0.270877,0.14172,0.14172,0.339268,0.205525,-0.252477,1
284,120min,-0.168024,0.292268,0.118357,0.118357,0.335288,0.28638,-0.147195,1
285,10min,0.806678,0.061606,0.755729,0.755729,0.106297,-0.05095,-0.725434,0
285,30min,0.582969,0.109969,0.477915,0.477915,0.203595,-0.105053,-0.851394,0
285,60min,0.389899,0.150378,0.204434,0.204434,0.277171,-0.185465,-0.843163,0
285,120min,0.090804,0.20978,0.075498,0.075498,0.305866,-0.015306,-0.458034,0
286,10min,0.616592,0.125938,0.609817,0.609817,0.170275,-0.006775,-0.352051,0
286,30min,0.192349,0.217342,0.339087,0.339087,0.245285,0.146738,-0.128569,1
286,60min,-0.053889,0.270891,0.21668,0.21668,0.2976,0.270569,-0.098595,1
286,120min,-0.148625,0.291933,0.206382,0.206382,0.300392,0.355008,-0.028974,1
287,10min,0.815759,0.060175,0.713087,0.713087,0.12963,-0.102671,-1.154209,0
287,30min,0.575775,0.112069,0.38994,0.38994,0.204925,-0.185836,-0.828557,0
287,60min,0.365404,0.15595,0.266041,0.266041,0.25559,-0.099363,-0.638917,0
287,120min,0.120128,0.20755,0.27104,0.27104,0.258858,0.150912,-0.247207,1
288,10min,0.671781,0.115357,0.652355,0.652355,0.159465,-0.019425,-0.382356,0
288,30min,0.304619,0.200536,0.398927,0.398927,0.244782,0.094309,-0.220643,1
288,60min,-0.020622,0.273968,0.231291,0.231291,0.300635,0.251913,-0.097334,1
288,120min,-0.08494,0.283809,0.222794,0.222794,0.292145,0.307734,-0.02937,1
289,10min,0.799203,0.061893,0.718,0.718,0.112074,-0.081203,-0.810788,0
289,30min,0.535107,0.115507,0.447316,0.447316,0.190493,-0.087791,-0.649191,0
289,60min,0.317647,0.159247,0.241662,0.241662,0.241032,-0.075985,-0.513574,0
289,120min,0.108023,0.202725,0.064044,0.064044,0.295751,-0.043978,-0.45888,0
290,10min,0.685299,0.104954,0.650673,0.650673,0.14737,-0.034626,-0.404144,0
290,30min,0.283731,0.193738,0.397235,0.397235,0.221327,0.113505,-0.142404,1
290,60min,-0.124785,0.281954,0.118844,0.118844,0.299808,0.243629,-0.063323,1
290,120min,-0.105046,0.28205,0.188092,0.188092,0.298549,0.293138,-0.058496,1
291,10min,0.821685,0.05701,0.729233,0.729233,0.121927,-0.092453,-1.138703,0
291,30min,0.582219,0.107468,0.527896,0.527896,0.177168,-0.054323,-0.648559,0
291,60min,0.382465,0.147692,0.365292,0.365292,0.234554,-0.017173,-0.588132,0
291,120min,0.10459,0.203173,0.068546,0.068546,0.32395,-0.036044,-0.594455,0
329,10min,-0.101595,0.007373,-0.413799,-0.413799,0.021404,-0.312204,-1.903071,0
329,30min,-0.157283,0.008379,-1.216981,-1.216981,0.026519,-1.059698,-2.164978,0
329,60min,-0.21947,0.008862,-1.183324,-1.183324,0.028187,-0.963854,-2.18076,0
329,120min,-0.396076,0.009559,-5.416261,-5.416261,0.053494,-5.020185,-4.596114,0
596,10min,0.972557,0.010757,0.920022,0.920022,0.0501,-0.052534,-3.657506,0
596,30min,0.917519,0.022761,0.838376,0.838376,0.083641,-0.079143,-2.67479,0
596,60min,0.837261,0.038772,0.646869,0.646869,0.138849,-0.190393,-2.58121,0
596,120min,0.688862,0.067435,0.610119,0.610119,0.156822,-0.078743,-1.325529,0
597,10min,0.972329,0.011358,0.920093,0.920093,0.041916,-0.052236,-2.690357,0
597,30min,0.915065,0.023903,0.810588,0.810588,0.084275,-0.104477,-2.525685,0
597,60min,0.834799,0.040371,0.701462,0.701462,0.115427,-0.133337,-1.859173,0
597,120min,0.690201,0.068837,0.615624,0.615624,0.145741,-0.074577,-1.117174,0
598,10min,0.972665,0.010615,0.932874,0.932874,0.034075,-0.039792,-2.210048,0
598,30min,0.915253,0.023021,0.860305,0.860305,0.064631,-0.054948,-1.807526,0
598,60min,0.835129,0.03925,0.634832,0.634832,0.120789,-0.200297,-2.077438,0
598,120min,0.6867,0.06837,0.578221,0.578221,0.1527,-0.108478,-1.233422,0
599,10min,0.972638,0.010464,0.90466,0.90466,0.043014,-0.067978,-3.110737,0
599,30min,0.914985,0.023087,0.796006,0.796006,0.085295,-0.118979,-2.6945,0
599,60min,0.835055,0.039278,0.689686,0.689686,0.116353,-0.145369,-1.962334,0
599,120min,0.686721,0.068495,0.557655,0.557655,0.146749,-0.129066,-1.14248,0
609,10min,-0.200836,8.5e-05,-10.0,-16.470698,0.000892,-9.799164,-9.477863,0
609,30min,-0.268365,8.2e-05,-10.0,-59.171281,0.001459,-9.731635,-16.894443,0
609,60min,-0.303508,9.2e-05,-10.0,-1343.799487,0.005715,-9.696492,-61.15915,0
609,120min,-0.652341,0.000116,-10.0,-6420.320906,0.019918,-9.347659,-171.006763,0
610,10min,0.821983,0.000108,-10.0,-28.023545,0.002393,-10.821983,-21.098473,0
610,30min,0.774081,0.000149,-10.0,-110.343856,0.003971,-10.774081,-25.711903,0
610,60min,0.698932,0.000189,-10.0,-362.941901,0.007539,-10.698932,-38.794348,0
610,120min,0.574746,0.00027,-10.0,-365.873444,0.008653,-10.574746,-30.988433,0
611,10min,0.946465,3.2e-05,-3.123962,-3.123962,0.00135,-4.070427,-41.054495,0
611,30min,0.928656,3.9e-05,-1.563373,-1.563373,0.001031,-2.492029,-25.697098,0
611,60min,0.911154,4.7e-05,-1.541982,-1.541982,0.000838,-2.453136,-16.982363,0
611,120min,0.856537,6.2e-05,-10.0,-275.293994,0.007028,-10.856537,-112.699409,0
612,10min,0.735525,0.000114,-10.0,-19.13958,0.00168,-10.735525,-13.74523,0
612,30min,0.613504,0.000153,-10.0,-31.160491,0.001947,-10.613504,-11.723925,0
612,60min,0.396686,0.000206,-10.0,-60.222804,0.002517,-10.396686,-11.195032,0
612,120min,0.133223,0.000266,-10.0,-73.650564,0.003301,-10.133223,-11.390962,0
613,10min,0.777153,0.000115,-2.973343,-2.973343,0.001057,-3.750496,-8.184275,0
613,30min,0.753987,0.000127,-10.0,-10.758232,0.00129,-10.753987,-9.177519,0
613,60min,0.718666,0.000144,-10.0,-23.657798,0.002428,-10.718666,-15.829895,0
613,120min,0.664164,0.000162,-10.0,-435.325935,0.009937,-10.664164,-60.485352,0
617,10min,0.847175,0.044837,0.699323,0.699323,0.139402,-0.147851,-2.109107,0
617,30min,0.627819,0.091882,0.565915,0.565915,0.180306,-0.061904,-0.96236,0
617,60min,0.396491,0.139484,0.386613,0.386613,0.230068,-0.009879,-0.649418,0
617,120min,0.022694,0.214758,0.257957,0.257957,0.275074,0.235263,-0.280855,1
618,10min,0.84095,0.046436,0.720952,0.720952,0.133612,-0.119998,-1.877309,0
618,30min,0.599729,0.097623,0.536557,0.536557,0.187756,-0.063172,-0.923271,0
618,60min,0.367016,0.145727,0.334516,0.334516,0.247274,-0.0325,-0.696826,0
618,120min,-0.003378,0.220357,0.172149,0.172149,0.291452,0.175527,-0.322637,1
619,10min,0.843784,0.045371,0.689367,0.689367,0.144669,-0.154417,-2.188561,0
619,30min,0.616264,0.093201,0.549025,0.549025,0.187584,-0.067239,-1.012676,0
619,60min,0.377228,0.142131,0.34752,0.34752,0.232985,-0.029708,-0.639223,0
619,120min,-0.024692,0.221455,0.116745,0.116745,0.298702,0.141437,-0.348814,1
620,10min,0.827814,0.05069,0.733939,0.733939,0.139406,-0.093875,-1.750163,0
620,30min,0.590801,0.103097,0.459431,0.459431,0.231952,-0.131371,-1.249849,0
620,60min,0.325503,0.158419,0.329719,0.329719,0.27067,0.004216,-0.708566,1
620,120min,-0.004767,0.22717,0.05374,0.05374,0.366799,0.058507,-0.61465,1
621,10min,0.830837,0.049612,0.71949,0.71949,0.126776,-0.111348,-1.555371,0
621,30min,0.598051,0.101097,0.529886,0.529886,0.190969,-0.068164,-0.888976,0
621,60min,0.335849,0.155842,0.337182,0.337182,0.249207,0.001333,-0.599095,1
621,120min,-0.007924,0.227196,0.055371,0.055371,0.329674,0.063295,-0.451053,1
622,10min,0.82632,0.050372,0.691144,0.691144,0.147344,-0.135176,-1.925117,0
622,30min,0.598485,0.100845,0.51856,0.51856,0.21056,-0.079926,-1.087957,0
622,60min,0.332655,0.156479,0.326795,0.326795,0.26848,-0.00586,-0.715754,0
622,120min,-0.012693,0.228898,0.02462,0.02462,0.352868,0.037313,-0.541598,1
708,10min,0.808472,0.049113,0.780113,0.780113,0.096289,-0.028359,-0.960551,0
708,30min,0.550895,0.099876,0.529445,0.529445,0.179388,-0.02145,-0.796112,0
708,60min,0.255402,0.156293,0.23895,0.23895,0.251418,-0.016452,-0.608638,0
708,120min,-0.071004,0.219042,-0.108857,-0.108857,0.313969,-0.037853,-0.433374,0
709,10min,0.820817,0.045961,0.700763,0.700763,0.118306,-0.120055,-1.574084,0
709,30min,0.541557,0.100999,0.436942,0.436942,0.184301,-0.104615,-0.824771,0
709,60min,0.252173,0.156337,0.077211,0.077211,0.250759,-0.174962,-0.603962,0
709,120min,0.017315,0.201906,-0.150165,-0.150165,0.295184,-0.16748,-0.461987,0
710,10min,0.785932,0.054033,0.739749,0.739749,0.103485,-0.046183,-0.915211,0
710,30min,0.564658,0.095624,0.52565,0.52565,0.175877,-0.039007,-0.83926,0
710,60min,0.295753,0.144328,0.230571,0.230571,0.246931,-0.065182,-0.7109,0
710,120min,0.152885,0.169955,-0.071572,-0.071572,0.311904,-0.224457,-0.835213,0
711,10min,0.798673,0.049473,0.610228,0.610228,0.143909,-0.188445,-1.908838,0
711,30min,0.530602,0.098773,0.253887,0.253887,0.222688,-0.276715,-1.254543,0
711,60min,0.261609,0.148414,-0.155504,-0.155504,0.292976,-0.417113,-0.974051,0
711,120min,0.116054,0.174323,-0.248577,-0.248577,0.325653,-0.36463,-0.868099,0
712,10min,0.809276,0.047216,0.75427,0.75427,0.094704,-0.055006,-1.005752,0
712,30min,0.563101,0.090948,0.550936,0.550936,0.154426,-0.012165,-0.697967,0
712,60min,0.316097,0.1351,0.314277,0.314277,0.211661,-0.00182,-0.5667,0
712,120min,0.141025,0.163951,0.080141,0.080141,0.27759,-0.060883,-0.693121,0
713,10min,0.829944,0.039614,0.75858,0.75858,0.093249,-0.071364,-1.353918,0
713,30min,0.61071,0.078723,0.564046,0.564046,0.158439,-0.046664,-1.012616,0
713,60min,0.350974,0.123162,0.188141,0.188141,0.236388,-0.162832,-0.919323,0
713,120min,0.12925,0.16046,-0.137093,-0.137093,0.302301,-0.266343,-0.883969,0
714,10min,0.83704,0.036724,0.662051,0.662051,0.112896,-0.174989,-2.074176,0
714,30min,0.611971,0.072628,0.517142,0.517142,0.147789,-0.094829,-1.034867,0
714,60min,0.396775,0.106567,0.301167,0.301167,0.18997,-0.095608,-0.782631,0
714,120min,0.182777,0.140285,0.115441,0.115441,0.221974,-0.067336,-0.582309,0
715,10min,0.841802,0.032698,0.786738,0.786738,0.083551,-0.055063,-1.55525,0
715,30min,0.632729,0.067086,0.571498,0.571498,0.133816,-0.061231,-0.994713,0
715,60min,0.409138,0.102672,0.394427,0.394427,0.173018,-0.014711,-0.685158,0
715,120min,0.148352,0.142507,0.208481,0.208481,0.222239,0.060129,-0.55949,1
716,10min,0.834648,0.033344,0.718255,0.718255,0.099517,-0.116393,-1.984603,0
716,30min,0.594366,0.071432,0.532912,0.532912,0.150658,-0.061454,-1.109113,0
716,60min,0.366563,0.107394,0.347188,0.347188,0.193344,-0.019376,-0.800317,0
716,120min,0.123595,0.145081,0.208337,0.208337,0.230353,0.084742,-0.587752,1
718,10min,0.162529,0.040003,0.294385,0.294385,0.045883,0.131856,-0.147003,1
718,30min,-0.139779,0.049029,0.084676,0.084676,0.054009,0.224455,-0.10157,1
718,60min,-0.453928,0.057393,-0.173498,-0.173498,0.064337,0.28043,-0.120994,1
718,120min,-0.634751,0.062532,-0.242247,-0.242247,0.070351,0.392503,-0.125028,1
723,10min,0.605683,0.067444,0.655177,0.655177,0.077855,0.049494,-0.154367,1
723,30min,-0.057021,0.137825,0.573916,0.573916,0.09016,0.630936,0.345837,1
723,60min,-0.924297,0.22516,0.639275,0.639275,0.086156,1.563572,0.617355,1
723,120min,-1.57488,0.282393,0.455635,0.455635,0.109869,2.030515,0.610934,1
735,10min,0.828954,0.03697,0.860851,0.860851,0.048787,0.031896,-0.31965,1
735,30min,0.700558,0.053083,0.766138,0.766138,0.070331,0.06558,-0.32492,1
735,60min,0.545847,0.070081,0.712179,0.712179,0.085623,0.166332,-0.221777,1
735,120min,0.268844,0.098319,0.553297,0.553297,0.106344,0.284453,-0.081618,1
812,10min,0.946068,0.012498,0.876565,0.876565,0.029104,-0.069503,-1.328764,0
812,30min,0.931821,0.014543,0.715684,0.715684,0.042408,-0.216137,-1.916068,0
812,60min,0.901692,0.017693,0.327325,0.327325,0.064594,-0.574367,-2.650938,0
812,120min,0.851564,0.023112,0.355862,0.355862,0.075466,-0.495702,-2.265223,0
826,10min,-0.077606,0.001928,-2.080381,-2.080381,0.003792,-2.002774,-0.96747,0
826,30min,-0.29328,0.002281,-1.355909,-1.355909,0.005223,-1.062629,-1.290013,0
826,60min,-0.52606,0.002579,-2.119715,-2.119715,0.008714,-1.593655,-2.378332,0
826,120min,-0.705791,0.002994,-2.700429,-2.700429,0.008946,-1.994637,-1.988056,0
827,10min,0.522758,0.007219,0.436449,0.436449,0.009582,-0.086309,-0.327335,0
827,30min,0.148054,0.009781,0.17789,0.17789,0.013167,0.029837,-0.346142,1
827,60min,-0.058349,0.011494,0.039174,0.039174,0.015047,0.097523,-0.309055,1
827,120min,-0.340077,0.014773,-0.474096,-0.474096,0.02306,-0.134019,-0.56098,0
846,10min,0.367587,0.010055,0.160734,0.160734,0.016058,-0.206853,-0.597103,0
846,30min,-0.172605,0.014837,0.046778,0.046778,0.018356,0.219383,-0.237134,1
846,60min,-0.378959,0.016187,0.043982,0.043982,0.018412,0.42294,-0.137425,1
846,120min,-0.450656,0.017786,-0.030988,-0.030988,0.020609,0.419668,-0.15874,1
917,10min,0.645966,0.025068,0.716002,0.716002,0.022992,0.070037,0.082814,1
917,30min,0.53009,0.029342,0.664887,0.664887,0.025041,0.134797,0.146582,1
917,60min,0.420365,0.033333,0.625012,0.625012,0.026305,0.204647,0.210826,1
917,120min,0.219802,0.038512,0.579364,0.579364,0.027946,0.359562,0.274371,1
942,10min,0.654984,0.031777,0.767588,0.767588,0.0301,0.112604,0.052757,1
942,30min,0.059935,0.049276,0.709118,0.709118,0.035993,0.649183,0.269571,1
942,60min,-0.671217,0.070709,0.713011,0.713011,0.037317,1.384228,0.472256,1
942,120min,-1.018958,0.083745,0.571303,0.571303,0.043323,1.590261,0.482677,1
943,10min,0.293472,0.025733,0.359194,0.359194,0.024164,0.065722,0.060987,1
943,30min,-0.119957,0.032073,0.181653,0.181653,0.027884,0.30161,0.130583,1
943,60min,-0.541895,0.036966,0.079819,0.079819,0.029804,0.621714,0.19375,1
943,120min,-0.624793,0.039306,0.037602,0.037602,0.030743,0.662395,0.217857,1
949,10min,0.76521,0.064095,0.82607,0.82607,0.063658,0.060859,0.006819,1
949,30min,0.640817,0.080551,0.752409,0.752409,0.07953,0.111593,0.01267,1
949,60min,0.478941,0.102758,0.69517,0.69517,0.088654,0.216229,0.137256,1
949,120min,0.044584,0.155752,0.586893,0.586893,0.107024,0.54231,0.312857,1
952,10min,0.53658,0.085067,0.795945,0.795945,0.062038,0.259365,0.270717,1
952,30min,0.483804,0.090605,0.725628,0.725628,0.073905,0.241824,0.18432,1
952,60min,0.311421,0.109731,0.675124,0.675124,0.08245,0.363703,0.248622,1
952,120min,0.002871,0.145147,0.602441,0.602441,0.094108,0.59957,0.351637,1
958,10min,0.402097,0.013164,0.498964,0.498964,0.015414,0.096868,-0.170877,1
958,30min,0.047842,0.018354,0.360824,0.360824,0.018292,0.312982,0.003371,1
958,60min,-0.044678,0.020075,0.262234,0.262234,0.019815,0.306912,0.012953,1
958,120min,-0.201503,0.022105,0.141062,0.141062,0.02102,0.342565,0.049076,1
970,10min,-0.046095,0.085501,0.801868,0.801868,0.039046,0.847963,0.543329,1
970,30min,-1.509844,0.169519,0.711111,0.711111,0.047352,2.220955,0.720671,1
970,60min,0.589692,0.05183,0.600625,0.600625,0.05736,0.010933,-0.106701,1
970,120min,0.393534,0.064672,0.475737,0.475737,0.066295,0.082203,-0.025096,1
971,10min,0.056834,0.022189,0.688387,0.688387,0.01371,0.631553,0.382142,1
971,30min,-0.207425,0.025981,0.68689,0.68689,0.014748,0.894315,0.43236,1
971,60min,0.030478,0.02214,0.654811,0.654811,0.015439,0.624333,0.302679,1
971,120min,-0.105919,0.024965,0.610114,0.610114,0.016928,0.716033,0.321942,1
977,10min,0.806984,0.034152,0.894536,0.894536,0.029972,0.087551,0.122376,1
977,30min,0.512324,0.05651,0.861333,0.861333,0.034982,0.349009,0.380957,1
977,60min,0.071395,0.082216,0.842013,0.842013,0.038368,0.770618,0.533325,1
977,120min,-0.846682,0.134183,0.76952,0.76952,0.045625,1.616202,0.659982,1
978,10min,0.686518,0.052443,0.856992,0.856992,0.044392,0.170474,0.153517,1
978,30min,0.282825,0.08553,0.847066,0.847066,0.047916,0.564241,0.439776,1
978,60min,-0.292556,0.119636,0.829539,0.829539,0.050095,1.122095,0.581272,1
978,120min,-1.052064,0.166459,0.749994,0.749994,0.060473,1.802058,0.636708,1
980,10min,0.256982,0.019805,0.464763,0.464763,0.018957,0.207781,0.042827,1
980,30min,0.009407,0.024737,0.400111,0.400111,0.020707,0.390704,0.162917,1
980,60min,-0.048019,0.024708,0.241456,0.241456,0.022974,0.289475,0.070197,1
980,120min,-0.258985,0.028351,0.175294,0.175294,0.025039,0.434279,0.116826,1
983,10min,0.853696,0.033247,0.690873,0.690873,0.055233,-0.162824,-0.661291,0
983,30min,0.692244,0.047983,0.444276,0.444276,0.07584,-0.247968,-0.580564,0
983,60min,0.475188,0.065033,0.045523,0.045523,0.097365,-0.429665,-0.497161,0
983,120min,0.095011,0.088261,-0.301911,-0.301911,0.120022,-0.396922,-0.359847,0
984,10min,0.917182,0.030121,0.927154,0.927154,0.031047,0.009972,-0.030722,1
984,30min,0.830432,0.044013,0.880711,0.880711,0.040414,0.050279,0.081762,1
984,60min,0.734287,0.054388,0.844919,0.844919,0.045522,0.110632,0.163002,1
984,120min,0.494922,0.079563,0.813106,0.813106,0.051896,0.318184,0.347737,1
997,10min,0.58823,0.045688,0.696263,0.696263,0.042912,0.108033,0.060766,1
997,30min,0.47805,0.053452,0.6109,0.6109,0.04895,0.13285,0.084219,1
997,60min,0.406818,0.05783,0.567243,0.567243,0.05095,0.160424,0.118964,1
997,120min,0.271695,0.064615,0.455141,0.455141,0.058145,0.183446,0.100137,1
