vm_id,horizon,naive_r2,ml_r2,r2_delta,naive_mae,ml_mae,ml_wins
1005,10min,0.05586031576034911,0.7381355496264004,0.6822752338660513,0.04306402085747392,0.02141283221234339,1
1005,30min,-0.15473084200432186,0.6051606411966346,0.7598914832009565,0.049585603864734304,0.0278967707392423,1
1005,60min,-0.05910380030233342,0.4717728637897183,0.5308766640920517,0.045941995359628764,0.03448179957983765,1
1005,120min,-0.18175501525395243,0.3391581895499327,0.5209132048038851,0.04966627929498353,0.0398935053934222,1
1007,10min,-0.3089808438182977,0.14207183925097888,0.4510526830692766,0.007474942062572422,0.006339330368575405,1
1007,30min,-0.35011239857954424,-0.06979621960491289,0.28031617897463135,0.007840096618357486,0.008579791466828687,1
1007,60min,-0.46080720907739225,-0.30857494480939396,0.1522322642679983,0.00852774555297757,0.011254643436312078,1
1007,120min,-0.6453408260737539,-1.175133846043841,-0.5297930199700871,0.009865388340112337,0.015805099886745257,0
183,10min,1.0,-7.770876217949478e+29,-7.770876217949478e+29,0.0,0.0007646016937523015,0
183,30min,1.0,0.0,-1.0,0.0,0.0007203404296723045,0
183,60min,1.0,0.0,-1.0,0.0,0.001170122623920536,0
183,120min,1.0,0.0,-1.0,0.0,0.00033943956348950807,0
184,10min,1.0,-5.497709651106748e+29,-5.497709651106748e+29,0.0,0.0006431187330420236,0
184,30min,1.0,-5.526259841514126e+30,-5.526259841514126e+30,0.0,0.0020389938263566647,0
184,60min,1.0,-8.705472792205182e+30,-8.705472792205182e+30,0.0,0.0025591541213110945,0
184,120min,1.0,-3659.25,-3660.25,0.0,1.0495077029659683e-16,0
185,10min,1.0,0.0,-1.0,0.0,0.0014968776695415361,0
185,30min,1.0,0.0,-1.0,0.0,0.0022121706418483243,0
185,60min,1.0,0.0,-1.0,0.0,0.0027067641585416954,0
185,120min,1.0,0.0,-1.0,0.0,0.0027541843218227874,0
186,10min,1.0,-2.0693000137752048e+30,-2.0693000137752048e+30,0.0,0.001247705215531101,0
186,30min,1.0,-3.4517202070174147e+30,-3.4517202070174147e+30,0.0,0.001611454518917487,0
186,60min,1.0,0.0,-1.0,0.0,0.0028860099450012233,0
186,120min,1.0,0.0,-1.0,0.0,0.001525564843167862,0
187,10min,1.0,0.0,-1.0,0.0,0.001710257693265197,0
187,30min,1.0,0.0,-1.0,0.0,0.0016759931669136539,0
187,60min,1.0,0.0,-1.0,0.0,0.0015274913513395121,0
187,120min,1.0,0.0,-1.0,0.0,0.0022493838892469545,0
188,10min,1.0,0.0,-1.0,0.0,0.0009850945505480199,0
188,30min,1.0,0.0,-1.0,0.0,0.0016602147535134915,0
188,60min,1.0,1.0,0.0,0.0,0.0,0
188,120min,1.0,0.0,-1.0,0.0,0.0025118759065307344,0
189,10min,1.0,0.0,-1.0,0.0,0.0008843285524319232,0
189,30min,1.0,0.0,-1.0,0.0,0.0006484918303325645,0
189,60min,1.0,0.0,-1.0,0.0,0.0007049260505948863,0
189,120min,1.0,0.0,-1.0,0.0,0.00012834757294009162,0
190,10min,1.0,0.0,-1.0,0.0,0.0008281672625025425,0
190,30min,1.0,0.0,-1.0,0.0,0.0003686015687634102,0
190,60min,1.0,0.0,-1.0,0.0,0.0003589438039076585,0
190,120min,1.0,0.0,-1.0,0.0,0.0006889910381060201,0
191,10min,1.0,0.0,-1.0,0.0,0.0010716867287535582,0
191,30min,1.0,0.0,-1.0,0.0,0.001611468345913913,0
191,60min,1.0,0.0,-1.0,0.0,0.0019077807549617407,0
191,120min,1.0,0.0,-1.0,0.0,0.0012314440682530403,0
192,10min,1.0,0.0,-1.0,0.0,0.0012146818551275675,0
192,30min,1.0,0.0,-1.0,0.0,0.001620021703722196,0
192,60min,1.0,0.0,-1.0,0.0,0.0022423159309729055,0
192,120min,1.0,0.0,-1.0,0.0,0.003778824322098029,0
193,10min,1.0,-40400.0,-40401.0,0.0,8.716985466783456e-17,0
193,30min,1.0,-5.741859336472894e+30,-5.741859336472894e+30,0.0,0.0010391937808312823,0
193,60min,1.0,-7.1714044198547e+30,-7.1714044198547e+30,0.0,0.0011613747290518206,0
193,120min,1.0,0.0,-1.0,0.0,0.0027568005548576496,0
194,10min,1.0,0.0,-1.0,0.0,0.00091594142277988,0
194,30min,1.0,0.0,-1.0,0.0,0.0013533611265726683,0
194,60min,1.0,0.0,-1.0,0.0,0.0003499713006183012,0
194,120min,1.0,1.0,0.0,0.0,0.0,0
195,10min,1.0,0.0,-1.0,0.0,0.0008017076917948978,0
195,30min,1.0,0.0,-1.0,0.0,0.0006088466630359387,0
195,60min,1.0,0.0,-1.0,0.0,0.0007962019657451888,0
195,120min,1.0,0.0,-1.0,0.0,0.0010780592329091097,0
196,10min,1.0,0.0,-1.0,0.0,0.0007700844418804081,0
196,30min,1.0,0.0,-1.0,0.0,0.0005896109807637207,0
196,60min,1.0,0.0,-1.0,0.0,0.002276680033488223,0
196,120min,1.0,0.0,-1.0,0.0,0.0022849590388521325,0
197,10min,1.0,0.0,-1.0,0.0,0.001295383150172552,0
197,30min,1.0,0.0,-1.0,0.0,0.001244583797216575,0
197,60min,1.0,0.0,-1.0,0.0,0.0006862386378053552,0
197,120min,1.0,0.0,-1.0,0.0,0.002232473646880435,0
198,10min,1.0,0.0,-1.0,0.0,0.000819526259341222,0
198,30min,1.0,0.0,-1.0,0.0,0.0002751714534688087,0
198,60min,1.0,1.0,0.0,0.0,0.0,0
198,120min,1.0,1.0,0.0,0.0,0.0,0
199,10min,1.0,0.0,-1.0,0.0,0.0010229540295406479,0
199,30min,1.0,0.0,-1.0,0.0,0.0013198788460832061,0
199,60min,1.0,0.0,-1.0,0.0,0.0022854920127476524,0
199,120min,1.0,0.0,-1.0,0.0,0.003925491155876121,0
200,10min,1.0,0.0,-1.0,0.0,0.0007852567401982096,0
200,30min,1.0,0.0,-1.0,0.0,8.994568734788612e-05,0
200,60min,1.0,0.0,-1.0,0.0,0.0004535614987068193,0
200,120min,1.0,0.0,-1.0,0.0,0.0004021411390916787,0
201,10min,1.0,0.0,-1.0,0.0,0.0005732951780922437,0
201,30min,1.0,0.0,-1.0,0.0,0.0012303274055104484,0
201,60min,1.0,0.0,-1.0,0.0,0.000619055877545881,0
201,120min,1.0,0.0,-1.0,0.0,0.0024740065248887197,0
202,10min,1.0,0.0,-1.0,0.0,0.00015908696708503829,0
202,30min,1.0,0.0,-1.0,0.0,0.001620939845557307,0
202,60min,1.0,0.0,-1.0,0.0,0.0015499506844207644,0
202,120min,1.0,0.0,-1.0,0.0,0.0024211114925303955,0
203,10min,1.0,0.0,-1.0,0.0,0.0011381636715766688,0
203,30min,1.0,0.0,-1.0,0.0,0.001595797884785678,0
203,60min,1.0,0.0,-1.0,0.0,0.00214302730061493,0
203,120min,1.0,0.0,-1.0,0.0,0.0027700322111129804,0
204,10min,1.0,0.0,-1.0,0.0,0.0010373250468402992,0
204,30min,1.0,0.0,-1.0,0.0,0.0018398841865376549,0
204,60min,1.0,0.0,-1.0,0.0,0.0015514393357003902,0
204,120min,1.0,0.0,-1.0,0.0,0.00156281162976985,0
205,10min,1.0,0.0,-1.0,0.0,0.0017582133878022432,0
205,30min,1.0,0.0,-1.0,0.0,0.00200033449787238,0
205,60min,1.0,1.0,0.0,0.0,0.0,0
205,120min,1.0,1.0,0.0,0.0,0.0,0
206,10min,1.0,0.0,-1.0,0.0,0.0010791415320081808,0
206,30min,1.0,0.0,-1.0,0.0,0.0014061186054171047,0
206,60min,1.0,0.0,-1.0,0.0,0.0033265476300655653,0
206,120min,1.0,0.0,-1.0,0.0,0.004027536567177006,0
207,10min,1.0,0.0,-1.0,0.0,0.001602789403357093,0
207,30min,1.0,0.0,-1.0,0.0,0.001715001539923537,0
207,60min,1.0,0.0,-1.0,0.0,0.002683573630027004,0
207,120min,1.0,0.0,-1.0,0.0,0.0029808689832953876,0
208,10min,1.0,0.0,-1.0,0.0,0.0005082969185850546,0
208,30min,1.0,0.0,-1.0,0.0,0.0013678279851007753,0
208,60min,1.0,0.0,-1.0,0.0,0.0014245104697946738,0
208,120min,1.0,0.0,-1.0,0.0,0.002431015218711872,0
209,10min,-0.3771173321880068,-1.2328606526441637,-0.8557433204561569,0.03306612679955703,0.12406104373272549,0
209,30min,-0.6279664134560483,-1.9626452714710094,-1.3346788580149611,0.03739454694035846,0.1462776635278213,0
209,60min,-0.9652390598656742,-4.085653624913032,-3.120414565047358,0.042146086257553075,0.19760346626469305,0
209,120min,-1.4304531020499551,-5.561943764650737,-4.131490662600782,0.047020840270840275,0.2273918781764494,0
210,10min,1.0,0.0,-1.0,0.0,0.0009177784464991897,0
210,30min,1.0,0.0,-1.0,0.0,0.0006192848132328506,0
210,60min,1.0,-5.476319311886647e+30,-5.476319311886647e+30,0.0,0.0020297597752517217,0
210,120min,1.0,-8.199260102356749e+31,-8.199260102356749e+31,0.0,0.003926970115749378,0
211,10min,-0.9731458610761934,0.5039156066798385,1.4770614677560319,0.4432945131568025,0.20068949716423987,1
211,30min,-0.9881892640251302,0.15254040419375337,1.1407296682188837,0.44611200166112963,0.29366634125542473,1
211,60min,-0.5208661832403774,-0.1281447962875748,0.39272138695280256,0.36253161444915377,0.37621866844151447,1
211,120min,-0.4062613961978392,0.005106445311594987,0.4113678415094342,0.34698735292485294,0.3624926200960816,1
212,10min,1.0,0.0,-1.0,0.0,0.0008249435852536147,0
212,30min,1.0,0.0,-1.0,0.0,0.0006627443433588299,0
212,60min,1.0,0.0,-1.0,0.0,0.000299791300998972,0
212,120min,1.0,0.0,-1.0,0.0,0.0011491312023592497,0
213,10min,-0.8210394472253193,0.5662843340179115,1.3873237812432309,0.4268811737361999,0.18982998292402042,1
213,30min,-0.8123110232064157,0.2187322295061902,1.0310432527126059,0.4266969753599114,0.30164062751195,1
213,60min,-0.3889718159177433,0.032252442179501406,0.42122425809724473,0.34398553976564444,0.3689154997657356,1
213,120min,-0.3334737517874138,0.09380954356987348,0.42728329535728726,0.34007910391879526,0.3672388551793864,1
214,10min,1.0,0.0,-1.0,0.0,0.0016133303448814219,0
214,30min,1.0,0.0,-1.0,0.0,0.001819488304668352,0
214,60min,1.0,0.0,-1.0,0.0,0.0012814722563704135,0
214,120min,1.0,0.0,-1.0,0.0,0.0032392944196249504,0
215,10min,1.0,0.0,-1.0,0.0,0.0012960475587379457,0
215,30min,1.0,0.0,-1.0,0.0,0.0012584965619497504,0
215,60min,1.0,0.0,-1.0,0.0,0.0007708036012028701,0
215,120min,1.0,0.0,-1.0,0.0,0.0008568596549796225,0
216,10min,1.0,0.0,-1.0,0.0,0.00037807915898620985,0
216,30min,1.0,0.0,-1.0,0.0,0.0014598290125580166,0
216,60min,1.0,0.0,-1.0,0.0,0.0023114081144511387,0
216,120min,1.0,0.0,-1.0,0.0,0.0004502258744278363,0
217,10min,1.0,0.0,-1.0,0.0,0.00038160685730780617,0
217,30min,1.0,0.0,-1.0,0.0,0.00022013548434035083,0
217,60min,1.0,0.0,-1.0,0.0,0.0004977548240781681,0
217,120min,1.0,0.0,-1.0,0.0,0.0023823012342792924,0
219,10min,-0.9070238542779252,0.5723570453871839,1.479380899665109,0.4588257373467654,0.19612927097110858,1
219,30min,-0.9667075098222013,0.18122753013050574,1.147935039952707,0.47111641970810314,0.30567799037903637,1
219,60min,-0.4849297324561981,-0.01044491996887964,0.47448481248731844,0.37884814194272753,0.36926055729578633,1
219,120min,-0.35478842181135595,0.016140421482066958,0.3709288432934229,0.3536355764128705,0.3717437610207677,1
220,10min,-1.0592266245133435,0.5555493003612512,1.6147759248745945,0.4803171524481766,0.19151063597008094,1
220,30min,-1.0651205907893537,0.10306880052183998,1.1681893913111936,0.48178557075877904,0.3182993233811585,1
220,60min,-0.5839002825603348,-0.18656131108587837,0.3973389714744564,0.38850202160440095,0.3993784442327673,1
220,120min,-0.49757962705262937,-0.058638449309221796,0.4389411777434076,0.3772461543381624,0.380177137619944,1
221,10min,-0.9129687792136878,0.5970432572181331,1.5100120364318208,0.461311011089268,0.19200565688107626,1
221,30min,-0.9115556202138071,0.2220700457794217,1.133625665993229,0.4600658524758307,0.30570446558483594,1
221,60min,-0.494051203299231,-0.05684443849852472,0.4372067648007063,0.3738559154348892,0.3923560096982001,1
221,120min,-0.41929892929324075,0.0694361963606227,0.48873512565386346,0.3632785644509956,0.3683238312849446,1
222,10min,-0.7336800763777895,0.6165327716132344,1.350212847991024,0.42595192633453505,0.17337344401741825,1
222,30min,-0.8008532325406204,0.2648984602063149,1.0657516927469353,0.44030954047068505,0.2762133477868815,1
222,60min,-0.40108674403820177,0.08886987305003624,0.489956617088238,0.3619222243485472,0.33595984798499134,1
222,120min,-0.22607525506150128,0.17805163444102368,0.40412688950252496,0.32851019858217845,0.33058107472398596,1
223,10min,-0.8635296148252547,0.6152081422420936,1.4787377570673483,0.4560488326012224,0.1840316683092388,1
223,30min,-0.8688100417091125,0.22933160635443806,1.0981416480635504,0.4552856026220157,0.3096720141594305,1
223,60min,-0.4078492416603243,0.054508644286799024,0.46235788594712335,0.3621375201382731,0.3744190676956566,1
223,120min,-0.31761870056821007,0.05938786485446923,0.3770065654226793,0.3426140060057314,0.3837104462289122,1
224,10min,-0.9542563698886557,0.5968201346869373,1.551076504575593,0.46518080981936394,0.1821659697934674,1
224,30min,-1.0299475361864192,0.24007890276348764,1.2700264389499067,0.4762144205426188,0.292200277348375,1
224,60min,-0.5444811655907786,-0.023001586803772733,0.5214795787870059,0.38319241836693246,0.3797985784677978,1
224,120min,-0.3854677680577334,0.034314807016590065,0.4197825750743235,0.3566361125163174,0.3710494875286781,1
225,10min,-0.885242948365482,0.6182630169307894,1.5035059652962715,0.4528279112046694,0.17273542436109235,1
225,30min,-0.9124187552479859,0.24911107607695893,1.1615298313249447,0.45700071086197097,0.2894325943405918,1
225,60min,-0.5163351874502617,0.058114116466741805,0.5744493039170036,0.376309821410425,0.36018803156377915,1
225,120min,-0.3987461570757953,0.09961521858432565,0.49836137566012095,0.3576805822060187,0.3611874200584231,1
226,10min,-0.9426044186367211,0.6028613395260812,1.5454657581628024,0.46817430323299886,0.17833004099750552,1
226,30min,-0.9364651827362389,0.2923435809671112,1.2288087637033502,0.4657798814304839,0.2908500854443808,1
226,60min,-0.47591679287354216,0.03198652867344287,0.507903321546985,0.3679515437119255,0.3814761299852904,1
226,120min,-0.4201309220115992,0.0884996770584211,0.5086305990700203,0.36295249280920416,0.37114102715591013,1
227,10min,-0.9074722747069712,0.6002279526467155,1.5077002273536868,0.4595196472426881,0.1750384761310641,1
227,30min,-0.8825169593156594,0.25757439533122906,1.1400913546468885,0.4535287293082002,0.28058244163325646,1
227,60min,-0.4788884667648421,0.07043549777142832,0.5493239645362704,0.3702932356041008,0.34296179615375677,1
227,120min,-0.39100420284849546,0.11621588105733205,0.5072200839058275,0.3558871006428092,0.3381643470848949,1
228,10min,-0.8130253465159636,0.5963255303580621,1.4093508768740257,0.4459387100118011,0.18211180100503588,1
228,30min,-0.930354573891063,0.2657743988552911,1.196128972746354,0.46869329678922506,0.28898215059552695,1
228,60min,-0.5032243214940371,0.09574405520386631,0.5989683766979034,0.3794144110695921,0.33744768387171675,1
228,120min,-0.4002343973221487,0.05863041945655778,0.4588648167787065,0.3615607110876587,0.36135409939230567,1
229,10min,-0.17892521969658137,0.6910465823276748,0.8699718020242562,0.2969960352147852,0.13546859953862098,1
229,30min,-0.2540122997947576,0.3886508766399793,0.6426631764347369,0.3111158724853578,0.21930564205552425,1
229,60min,-0.14316591050596128,0.21648757880328395,0.35965348930924523,0.2897770048447759,0.2702458360224928,1
229,120min,-0.16923283771326258,0.17597883098006206,0.34521166869332465,0.2928366526235158,0.2897139246543165,1
230,10min,-0.38373148312855143,0.6551604321974076,1.038891915325959,0.3263458301361284,0.14577277818036846,1
230,30min,-0.4798797866644384,0.3764710909466006,0.856350877611039,0.3446629355442233,0.2190623137450709,1
230,60min,-0.233726728811114,0.18417964251459906,0.41790637132571307,0.3001069487000695,0.28049909833130765,1
230,120min,-0.2322052202709084,0.13491645273031816,0.36712167300122656,0.29798738909499994,0.3018979662598708,1
231,10min,-0.2895316867290416,0.6416736470982247,0.9312053338272663,0.2844294314381271,0.1372308256673759,1
231,30min,-0.41938483472040144,0.34072792483380343,0.7601127595542049,0.30547660483202654,0.21136574203833397,1
231,60min,-0.2977575031990962,0.1282964112804783,0.4260539144795745,0.2864775619557937,0.26293296138946354,1
231,120min,-0.27692164914852513,0.001222001531404393,0.2781436506799295,0.2729761425375519,0.30004536624575434,1
232,10min,-0.3663492162333297,0.5927131735488367,0.9590623897821664,0.2807564869781693,0.15909073773450608,1
232,30min,-0.4634259671090277,0.2275153428732749,0.6909413099823026,0.29468866494318907,0.23496149485273585,1
232,60min,-0.33208104602052946,0.027199807686118516,0.359280853706648,0.2786251038670502,0.2776641219379228,1
232,120min,-0.18679994808093325,-0.16952840468031471,0.01727154340061854,0.2557876544098822,0.3303706237768879,1
233,10min,-0.09392167643658178,0.6362219554051438,0.7301436318417256,0.24663452779104952,0.1478868986306312,1
233,30min,-0.20916325861393448,0.33686460967244314,0.5460278682863776,0.26413803627207244,0.22735733186035084,1
233,60min,-0.17735328784605242,0.17903256750784335,0.3563858553538958,0.2584127276496667,0.2630065210695951,1
233,120min,-0.20543626521342406,0.032965275829577534,0.2384015410430016,0.2601261984659636,0.3020921012120023,1
234,10min,-0.09415461322688912,0.68732973573585,0.7814843489627391,0.2555799843715115,0.12890222793142528,1
234,30min,-0.19438609204696844,0.43290615369456187,0.6272922457415303,0.2711805183199285,0.20302981432309156,1
234,60min,-0.13917923509282382,0.2510411265924908,0.3902203616853146,0.2580872297275718,0.2513813457026038,1
234,120min,0.015728433356980265,0.153828434131136,0.13810000077415574,0.23164598534306194,0.29385443904312264,1
235,10min,-0.22456918156306171,0.66654407322152,0.8911132547845817,0.2707461114298464,0.13315186617300864,1
235,30min,-0.34429506346303684,0.38039109066732457,0.7246861541303614,0.2893829777054827,0.2103284664736593,1
235,60min,-0.2542270390014585,0.18417598511096445,0.43840302411242293,0.2775018192263501,0.2686487578030639,1
235,120min,-0.13080520924617733,0.05552410128436591,0.18632931053054325,0.247693570309252,0.3090491787902349,1
236,10min,-0.3176250501774902,0.6394608234459573,0.9570858736234475,0.2918755143048512,0.1420292268694135,1
236,30min,-0.49277244170999857,0.29422242199041626,0.7869948637004148,0.3232302597982893,0.22890089855545284,1
236,60min,-0.4562234928887561,-0.05697125041800177,0.3992522424707543,0.3159912850116573,0.3146347078439932,1
236,120min,-0.5146964383696715,-0.07618324553680011,0.4385131928328714,0.3217533339729444,0.3425395627555032,1
237,10min,-0.25860530489869316,0.6647595095910038,0.923364814489697,0.28788465218639364,0.1342813143259032,1
237,30min,-0.38975870631814136,0.38725412034729145,0.7770128266654328,0.31037424198902086,0.20999091552021684,1
237,60min,-0.4445777193964424,0.09027227144870142,0.5348499908451438,0.32309845581425056,0.28831649473170223,1
237,120min,-0.3775300525435341,-0.12279549555014091,0.2547345569933932,0.3075754181457674,0.3490925707557226,1
238,10min,-0.10389799139195666,0.6925525923456927,0.7964505837376493,0.27129381558383564,0.14213315249384242,1
238,30min,-0.2682215334784104,0.41879560631432744,0.6870171397927378,0.3014755361930295,0.21943239010584623,1
238,60min,-0.28071520488299617,0.1092544413902663,0.38996964627326247,0.30364587525150905,0.30054578717009045,1
238,120min,-0.2581847621477684,0.031928069803163206,0.2901128319509316,0.29528545026881725,0.32704450838410243,1
239,10min,-0.303824231318071,0.702235135648947,1.0060593669670181,0.3247652045562418,0.14726526231589676,1
239,30min,-0.41350981439741785,0.3418698242588274,0.7553796386562452,0.3494993901205384,0.25915213734988923,1
239,60min,-0.23135571664372145,0.025907518968209087,0.25726323561193054,0.3168127308022596,0.3527946154518046,1
239,120min,-0.2435937154726575,-0.051139125478611325,0.1924545899940462,0.3178471496816121,0.3925028789794125,1
240,10min,-0.08329164638307951,0.6235845948587959,0.7068762412418754,0.2979338617028913,0.17004033177662742,1
240,30min,-0.08457367651622638,0.43735547011873377,0.5219291466349602,0.2968374135554368,0.23521310156114544,1
240,60min,-0.13901934530436222,0.228084610735118,0.3671039560394802,0.30826279695193304,0.31062084368003307,1
240,120min,-0.35114546885657116,0.13053308726035528,0.48167855611692645,0.3531982279812262,0.35394348825937616,1
241,10min,-0.29175225686100936,0.702268881521235,0.9940211383822444,0.329595938077998,0.1468821758833151,1
241,30min,-0.40198014256969494,0.3907422952624561,0.792722437832151,0.35203203690689155,0.24779748173888796,1
241,60min,-0.1786678564502331,0.20558718061618642,0.3842550370664195,0.30967431710232757,0.31414796586027055,1
241,120min,-0.20716290179429486,0.18838796763485743,0.3955508694291523,0.31740661794039776,0.3385240907785086,1
242,10min,-0.10656617992165218,0.6577876755764847,0.7643538554981368,0.3031621493217222,0.1618805629994339,1
242,30min,-0.11108677345475781,0.455043032911185,0.5661298063659428,0.3023937421348032,0.22588962726412673,1
242,60min,-0.12863419319361546,0.3328151286558485,0.46144932184946397,0.3108703902021964,0.2758248113345984,1
242,120min,-0.33881035007271953,0.20258570259546116,0.5413960526681807,0.350524566027407,0.2968027107841469,1
243,10min,-0.2553450547970759,0.6876779829194496,0.9430230377165255,0.3206912025123821,0.15773959255626477,1
243,30min,-0.38005158160247166,0.320880667488991,0.7009322490914627,0.34883462763012185,0.2743156241160042,1
243,60min,-0.20404788805744167,-0.020209141241614326,0.18383874681582735,0.31421393251890634,0.37808566610465627,1
243,120min,-0.22575815713917158,0.02798473958967851,0.2537428967288501,0.31966967579110855,0.38229774969273606,1
244,10min,-0.1893320817370343,0.5892768596607288,0.7786089413977632,0.31795098883539474,0.1937812799903982,1
244,30min,-0.1589320950640818,0.39384354804890986,0.5527756431129917,0.3136388963870432,0.26040822205287706,1
244,60min,-0.22076975495423445,0.28288237547434236,0.5036521304285768,0.32779918938197733,0.2847825168423936,1
244,120min,-0.39175790889409257,0.1496532016523524,0.541411110546445,0.3630946622821623,0.3294655142673709,1
245,10min,0.6949497003099949,0.8995074244628487,0.20455772415285378,0.03297983804883864,0.03302243272961228,1
245,30min,0.6017396676014002,0.7625897324728677,0.16085006487146747,0.04065844060549174,0.08119630740233746,1
245,60min,0.4896917879242453,0.7181279894254341,0.22843620150118882,0.050956636610432426,0.07683630179592359,1
245,120min,0.20400199314379563,-0.44956366900017075,-0.6535656621439664,0.07710217582844256,0.31677955625753,0
246,10min,-0.13154585068591396,0.6392346875480659,0.7707805382339799,0.30043053876840214,0.16342460988392848,1
246,30min,-0.13033608759391213,0.3633574753697556,0.49369356296366773,0.2997328747378921,0.2523022300465927,1
246,60min,-0.19098968456934484,0.275778079372745,0.46676776394208985,0.31844276299951496,0.2896560334741601,1
246,120min,-0.33463635786853274,0.13299677262660814,0.4676331304951409,0.3496473415052961,0.32412867810739954,1
247,10min,0.09310996808914562,0.7565313399788878,0.6634213718897422,0.24995788983677567,0.13120296819024416,1
247,30min,-0.006055010044125675,0.5148898170262708,0.5209448270703965,0.2725199050828048,0.22952328117874993,1
247,60min,0.13063540705601373,0.34701414897947935,0.21637874192346562,0.24630712998219545,0.2971362393689517,1
247,120min,0.16716353100085746,0.3070770039719227,0.13991347297106527,0.23868825161580845,0.3192604250896784,1
248,10min,-0.22089883448627057,0.5933616250955096,0.8142604595817802,0.3091339694104076,0.17618345806299265,1
248,30min,-0.15286453020048896,0.3574664392013409,0.5103309694018299,0.2965204971766564,0.24695538124026845,1
248,60min,-0.16740288349038357,0.20100317985532123,0.3684060633457048,0.3063584735993113,0.29586067943194866,1
248,120min,-0.38549483611428226,0.15579891267187573,0.541293748786158,0.34994308424055076,0.3187740634262343,1
249,10min,-0.3231867047639225,0.7087303681013609,1.0319170728652836,0.33481351744186044,0.13605610042936264,1
249,30min,-0.38552503276588634,0.4205538220828071,0.8060788548486935,0.3493552152547066,0.22890644159338241,1
249,60min,-0.15190086183868656,0.1571145678796647,0.3090154297183513,0.3038521083592388,0.3170525989475384,1
249,120min,-0.18424534312209517,0.1757381869004423,0.35998353002253747,0.3148691560398291,0.33363201415145827,1
250,10min,-0.10381731883696266,0.6266874113036291,0.7305047301405918,0.2829830630583826,0.1604508255107786,1
250,30min,-0.07168561989067057,0.4316071957484656,0.5032928156391362,0.27716354941086047,0.2269746339264097,1
250,60min,-0.08911691102660302,0.2711487830302751,0.36026569405687814,0.28459774528360915,0.28616797664770366,1
250,120min,-0.234680675894805,0.24994165260331414,0.48462232849811915,0.3150733729654185,0.30171810536303534,1
251,10min,-0.26580279800509454,0.7350706957952169,1.0008734938003114,0.3221169604170766,0.1238970811672606,1
251,30min,-0.317871407862953,0.43040671635626904,0.748278124219222,0.334721864569539,0.21592147992943578,1
251,60min,-0.11401220894609798,0.15564544897804755,0.26965765792414553,0.2950528149376317,0.306659663137734,1
251,120min,-0.13961499117842924,0.25526578456700566,0.3948807757454349,0.29687486440327354,0.318902952640451,1
252,10min,-0.14153740261372771,0.5757445649290849,0.7172819675428126,0.29152106918841375,0.1677582277148283,1
252,30min,-0.08764191262906218,0.34278610851963054,0.4304280211486927,0.28076646488201723,0.24046430973166022,1
252,60min,-0.15486250392155454,0.234820927489237,0.38968343141079154,0.2947804843659992,0.28276645887599566,1
252,120min,-0.3093776669702992,0.1407325431318891,0.4501102101021883,0.3281829082598314,0.32635934063604893,1
253,10min,-0.3407541615094998,0.7247315894351659,1.0654857509446658,0.33703825159926265,0.12407176327291931,1
253,30min,-0.4127964596883642,0.4233960651487517,0.8361925248371159,0.354435098186697,0.22647348690431493,1
253,60min,-0.16187018652734508,0.13421794443908852,0.2960881309664336,0.3032832118111351,0.3249607414265324,1
253,120min,-0.15471830328997904,0.12541590004782766,0.2801342033378067,0.3033802261447864,0.35213114619149133,1
254,10min,-0.11541860707925133,0.6232513184365099,0.7386699255157613,0.2848264379152824,0.16614574436216273,1
254,30min,-0.06184621055585704,0.3712840542505823,0.43313026480643935,0.27446713724756916,0.24529950536431241,1
254,60min,-0.08580639861285477,0.29769096715910925,0.383497365771964,0.2794538967653417,0.2780385538915375,1
254,120min,-0.2621276145379796,0.21713437892323317,0.4792619934612128,0.3168112356393607,0.30606310209062915,1
255,10min,-0.30787966270170597,0.7149984007395882,1.0228780634412942,0.32728050285952676,0.13908830625926472,1
255,30min,-0.3555955663111403,0.4166083471004888,0.7722039134116291,0.33762315997955533,0.22971981226251587,1
255,60min,-0.13712121883137085,0.16670296355966252,0.30382418239103337,0.29718911295220196,0.30852050155603755,1
255,120min,-0.20556967003794568,0.06499692478475516,0.27056659482270085,0.31230272314561774,0.36844729330808496,1
256,10min,-0.059625333287697924,0.6417394780109155,0.7013648112986134,0.2786812607061736,0.16706751810201104,1
256,30min,-0.04674947738768398,0.4277072946717463,0.47445677205943027,0.27486405573593076,0.23478555398803005,1
256,60min,-0.02920933141052795,0.27559332817940607,0.304802659589934,0.2720144935537606,0.2985494283558261,1
256,120min,-0.21469131584809475,0.10029829900050846,0.3149896148486032,0.3127298267641891,0.3537142083533465,1
257,10min,0.6282632466095333,0.6998001756773916,0.07153692906785836,0.03582364904125509,0.11627992417013965,1
257,30min,0.5200989853011533,0.6925787573655411,0.1724797720643878,0.04526124031007752,0.10050763044833963,1
257,60min,0.40051382593492724,0.6776858930944092,0.27717206715948195,0.05590959772242496,0.09039163863462923,1
257,120min,0.0909238833756405,0.5514635278901476,0.46053964451450713,0.08026334485250568,0.0697529878121984,1
258,10min,-0.0995747613700324,0.6428174885259469,0.7423922498959793,0.2909515322465642,0.17886635826432729,1
258,30min,-0.037742128259723895,0.3985950839502955,0.4363372122100194,0.2764159531360113,0.24355499859859653,1
258,60min,-0.025107891785592695,0.2886527475758581,0.3137606393614508,0.2773406444244141,0.2910266042146661,1
258,120min,-0.22146849131716406,0.2201214880119431,0.44158997932910715,0.3209887410569229,0.3102200311131256,1
259,10min,0.13075126990361896,0.7685203104902013,0.6377690405865823,0.23046472056415407,0.1254848045556046,1
259,30min,-0.013591614971113275,0.5112139677632817,0.5248055827343949,0.2622547625339776,0.22556517228162726,1
259,60min,-0.008343507837877517,0.13142771573121848,0.139771223569096,0.26418029837139784,0.34452770954005646,1
259,120min,-0.19488616778079937,-0.18054774323961897,0.014338424541180395,0.30262354838425015,0.4202106651442814,1
260,10min,0.09402766216451386,0.7721980118964563,0.6781703497319425,0.2331631495684548,0.10889840024696744,1
260,30min,-0.050313714507840945,0.5670098435475419,0.6173235580553829,0.2615832568352191,0.18213469568148788,1
260,60min,-0.06666373674730819,0.30612644038415104,0.37279017713145923,0.2695525244545908,0.26838922257946424,1
260,120min,-0.2948778804263257,0.14484025210708817,0.43971813253341385,0.3156501199849102,0.323796984842993,1
261,10min,0.10215840983079238,0.7511909113852044,0.6490325015544121,0.2337896656315261,0.13898042181179904,1
261,30min,-0.03468908113193514,0.5103867947843751,0.5450758759163102,0.2606383604444651,0.22446796299932054,1
261,60min,-0.025408897680913034,0.19856001524633649,0.22396891292724952,0.2634449073594883,0.30138764539802565,1
261,120min,-0.21148740523115195,-0.010595547387960202,0.20089185784319175,0.3005874886735901,0.38114871797696576,1
262,10min,0.0894543445428434,0.750915271975972,0.6614609274331286,0.23123383772235517,0.12020573672954642,1
262,30min,-0.02804325767811444,0.5263362754223384,0.5543795331004528,0.25842745556750796,0.19922283994732218,1
262,60min,0.012652165119630632,0.2338550297036438,0.22120286458401317,0.2552001661270433,0.2806947517614517,1
262,120min,-0.13271531340710396,0.168126313830805,0.30084162723790897,0.2874360178639025,0.32602929151495263,1
263,10min,0.19713798894921342,0.7751809608313726,0.5780429718821591,0.21699983579755514,0.12146194121126899,1
263,30min,0.07163623321845924,0.5748474327059128,0.5032111994874535,0.2437748633875814,0.19554018188770797,1
263,60min,0.04760716831003253,0.3654463506069192,0.3178391822968867,0.25304420884525597,0.27929732571680554,1
263,120min,-0.08570330169532103,0.10402601971133385,0.18972932140665488,0.2809139407961481,0.35961534026740033,1
264,10min,0.19945983273648493,0.803946301369218,0.604486468632733,0.21859119386327405,0.0981382447766806,1
264,30min,0.09941865533405547,0.5782591251280325,0.478840469793977,0.24202275674906487,0.17772334008067306,1
264,60min,0.07840784578892068,0.38337519601421954,0.30496735022529886,0.24992918013729531,0.24622611032637468,1
264,120min,-0.14742761867650556,0.27404222385080923,0.4214698425273148,0.2978910306864852,0.30146114842316674,1
265,10min,0.15410989740954162,0.8006378479019127,0.6465279504923711,0.22250568439957974,0.10158321206834488,1
265,30min,-0.015146346162900448,0.5585392370616614,0.5736855832245619,0.25894796993623304,0.1834395393966237,1
265,60min,-0.05036962867121009,0.35614719488987423,0.4065168235610843,0.26943309457406517,0.2520381795192633,1
265,120min,-0.17386001467921708,0.1587705899897789,0.33263060466899597,0.2967954863544899,0.3187168054048518,1
266,10min,0.1679438836355578,0.7954351953855215,0.6274913117499638,0.22012035575858252,0.10479368574947905,1
266,30min,0.0015503812239383574,0.5816508861467994,0.580100504922861,0.255306292157455,0.18638457258586574,1
266,60min,-0.056096857553698865,0.35706939042551256,0.4131662479792114,0.27167320867917494,0.26471138315274106,1
266,120min,-0.18737842219414103,0.17277889827264392,0.36015732046678495,0.30112496594314775,0.3214234511339491,1
267,10min,0.1804583138353988,0.7923727183941301,0.6119144045587314,0.22351438871993784,0.10462105618354872,1
267,30min,0.0526937756426924,0.5721831178598451,0.5194893422171527,0.2508112478606665,0.17784361112428212,1
267,60min,0.04042247819585376,0.3455200624922785,0.30509758429642475,0.2571575534703807,0.2555683468989324,1
267,120min,-0.12729261121742064,0.16438165321390774,0.2916742644313284,0.29073187654899946,0.32880773562689947,1
268,10min,0.21429976786436278,0.8101852078849963,0.5958854400206335,0.21119535451958463,0.09641681627374321,1
268,30min,0.07402359285034732,0.5917235542341879,0.5176999613838406,0.2438817568574836,0.17416533330600895,1
268,60min,0.04651926253016592,0.36170480441166286,0.31518554188149694,0.2538021360063245,0.24771084013994035,1
268,120min,-0.14387629632087418,0.21113527596765636,0.35501157228853053,0.2911991099562445,0.3137577860243536,1
269,10min,0.3023886585009833,0.8228390489164372,0.5204503904154539,0.19306523860605787,0.08966375816800759,1
269,30min,0.14998682658763585,0.6410792317669409,0.4910924051793051,0.2268103815611079,0.15765438505226187,1
269,60min,0.0962243503528677,0.46219507802816806,0.36597072767530037,0.23979626273474441,0.21445121366069392,1
269,120min,-0.10596463539678092,0.26597963109003064,0.37194426648681156,0.28403630363036303,0.29909337700857996,1
270,10min,0.19901232179271677,0.7899955007388033,0.5909831789460865,0.21273009877977922,0.09906456923138994,1
270,30min,0.11262859098075761,0.5753243487017666,0.462695757721009,0.23339139066434242,0.16875809817207982,1
270,60min,0.0906071171406111,0.4119570903579235,0.3213499732173124,0.2407051095598216,0.23478492834843687,1
270,120min,-0.1881905704581055,0.3036603617348057,0.4918509321929112,0.3000922151038634,0.2905783186373694,1
271,10min,0.30418479062401105,0.7946887780660746,0.4905039874420636,0.1809094560588463,0.10473771727990075,1
271,30min,0.177796824954781,0.6020028919516263,0.42420606699684527,0.2072903834979663,0.18042566822529824,1
271,60min,0.1145262840461242,0.3549848793340613,0.24045859528793712,0.22126589147286818,0.2667266719281034,1
271,120min,-0.09546318676398213,0.055122845349835026,0.15058603211381716,0.26284270044651525,0.35558792957893454,1
272,10min,0.21431323350178555,0.7957313817836243,0.5814181482818388,0.19896799089928086,0.10050697462989204,1
272,30min,0.09697655233718094,0.5959039878887258,0.49892743555154484,0.22380585548172757,0.1783289008455562,1
272,60min,0.05515379988809277,0.36147276666213224,0.30631896677403947,0.2350291282306989,0.2621311875845222,1
272,120min,-0.17149718324985264,0.09439292964037727,0.2658901128902299,0.28066142496602603,0.33632143893965644,1
273,10min,0.19759650344454516,0.749225124118176,0.5516286206736308,0.20306280263412746,0.11136432102941526,1
273,30min,0.07215762277993476,0.5117500767013701,0.4395924539214353,0.22946339285714284,0.19224924605226312,1
273,60min,0.040468994280050796,0.3341398783639409,0.2936708840838901,0.2388667830133799,0.2352597971750304,1
273,120min,-0.17291141496507523,0.24436638840408498,0.4172778033691602,0.28253967560217563,0.29810375933170624,1
274,10min,0.2636946555727522,0.8008698979629745,0.5371752423902223,0.1922699738524114,0.09911739274320627,1
274,30min,0.11809813522844659,0.6093469284627142,0.4912487932342676,0.22215663759689924,0.1664862121894253,1
274,60min,0.07305443100806508,0.4284292488069469,0.3553748177988818,0.2350007756447547,0.22848074582333663,1
274,120min,-0.09915328905075582,0.3126385988224215,0.41179188787317733,0.2708555862939236,0.27606113068598587,1
275,10min,0.2651585249003515,0.7780218459936916,0.5128633210933401,0.1986261603857115,0.10895752391618214,1
275,30min,0.1326873876466118,0.5936431131531146,0.46095572550650277,0.2262746072120709,0.1738502368268815,1
275,60min,0.08566519980643639,0.46795128381643647,0.3822860840100001,0.238301284315355,0.21562535026182642,1
275,120min,-0.05638529910592438,0.28332917273166147,0.33971447183758585,0.2664980655628588,0.2978140497195253,1
276,10min,0.3480841284288546,0.8061049228199342,0.45802079439107957,0.18337575053263605,0.1060530299796563,1
276,30min,0.21328790249563856,0.6372652320373253,0.42397732954168676,0.21194084994462906,0.17129222258503918,1
276,60min,0.12855963195674025,0.47942091775277695,0.3508612857960367,0.23058237070278953,0.2445124742298833,1
276,120min,-0.035455113715979536,0.15558640266919543,0.19104151638517497,0.2636263901600244,0.3463613455718874,1
277,10min,0.32905899193269295,0.7919715274894473,0.4629125355567544,0.17687415262444314,0.09943951937048025,1
277,30min,0.20741792222813693,0.6099099615061505,0.4024920392780136,0.20322775204446716,0.1638780741225167,1
277,60min,0.14937250750525766,0.44066027739372515,0.2912877698884675,0.2166463079451736,0.2350966351240376,1
277,120min,-0.06266567215669783,0.2819378520212359,0.3446035241779337,0.25759507169204315,0.2929916116587357,1
278,10min,-0.21642086848413977,0.6223946634368118,0.8388155319209516,0.30400940068066734,0.16178850864220615,1
278,30min,-0.1398818343254915,0.343206054343255,0.4830878886687465,0.2879796234772979,0.24037110721424892,1
278,60min,-0.1534975075303464,0.20871353895851985,0.36221104648886626,0.2914864539183911,0.29475905048157003,1
278,120min,-0.3189151723858401,0.17374664102945458,0.4926618134152947,0.32744385972210666,0.3171438091894621,1
279,10min,0.29705366793707944,0.7595384311018849,0.46248476316480547,0.1765109080344409,0.10531529371531018,1
279,30min,0.18195989023886727,0.5919265082582217,0.4099666180193544,0.20011416050035236,0.16205991662681657,1
279,60min,0.08004109364167034,0.37947010187554175,0.2994290082338714,0.2214992375764627,0.22943606971689906,1
279,120min,-0.1472025810314188,0.1160992906783852,0.263301871709804,0.26427711741762416,0.31173981724690236,1
280,10min,-0.0825295616504862,0.6591898421237211,0.7417194037742073,0.2739170125342409,0.16084335849450837,1
280,30min,-0.041603608565039085,0.3770382498574679,0.418641858422507,0.2635040905315615,0.25872893315939655,1
280,60min,-0.02917872600285354,0.18161138755316708,0.21079011355602062,0.2607520291420815,0.3230067178966556,1
280,120min,-0.2353923689928188,0.19769585426678038,0.43308822325959917,0.3043569832944833,0.32730265208479326,1
281,10min,0.2817552129774241,0.7457290395712336,0.4639738265938095,0.1785612749169435,0.1151291772712389,1
281,30min,0.17341582925166055,0.5578477817296719,0.3844319524780113,0.20220745431893689,0.17749199970558024,1
281,60min,0.13311146834770027,0.42431817335151734,0.29120670500381707,0.21328859692887628,0.22875298631698235,1
281,120min,-0.06291197253378256,0.15977092218540423,0.22268289471918679,0.253457597957598,0.3108435505952736,1
282,10min,-0.09648983242644582,0.6765878179319138,0.7730776503583596,0.27838697624120345,0.15107639401824624,1
282,30min,-0.03473725165198993,0.4789111325592381,0.513648384211228,0.2673559835271318,0.22338399519225455,1
282,60min,-0.07833578374088357,0.2906480418938857,0.3689838256347693,0.2796577386723547,0.2733693807968159,1
282,120min,-0.27042865582215025,0.2452965056288291,0.5157251614509794,0.317018987956488,0.2956163649682218,1
283,10min,0.3666950841128075,0.7599646850094374,0.3932696008966299,0.15656951188862142,0.09714902116572492,1
283,30min,0.24315414333037533,0.6066890288416678,0.3635348855112924,0.1820630597290243,0.15418293424578614,1
283,60min,0.14150669830709706,0.4362570847216747,0.2947503864145776,0.2024695190079134,0.22193855143515537,1
283,120min,-0.09180234091721728,0.2001956996113886,0.2919980405286059,0.24415874617923972,0.2935105414887397,1
284,10min,-0.16430930701265467,0.6189635853679555,0.7832728923806102,0.29174566722037654,0.17466639693813174,1
284,30min,-0.10764002001311934,0.3829894962409275,0.4906295162540468,0.2767086553644145,0.25157401650055544,1
284,60min,-0.166395910867972,0.23819838468076437,0.4045942955487364,0.29212435556294697,0.30179813595944865,1
284,120min,-0.31922494375793065,0.0487991789934521,0.36802412275138274,0.32556143856143854,0.3684246787814337,1
285,10min,0.29943668576838056,0.7638336341943499,0.46439694842596935,0.16861764858470987,0.10380319063245103,1
285,30min,0.1744527689094716,0.5850190327071614,0.4105662637976898,0.192922606942254,0.1757158295512455,1
285,60min,0.09040991868560333,0.41683588114451897,0.32642596245891564,0.21000274072688996,0.23129775802623453,1
285,120min,-0.1422803594823152,0.2114603548717532,0.3537407143540684,0.2501413924480683,0.29100255728484353,1
286,10min,-0.15747235354770361,0.6315567989227726,0.7890291524704762,0.29241976744186043,0.15924285277673103,1
286,30min,-0.08799130627011698,0.39724316958507677,0.48523447585519375,0.2789798817141749,0.23279826879908092,1
286,60min,-0.14823858095008724,0.3064148684484457,0.4546534493985329,0.29194562475746993,0.2734054186121222,1
286,120min,-0.3601757537679975,0.2372559140416638,0.5974316678096613,0.33497227078477076,0.30669159657258854,1
287,10min,0.2807525471968352,0.7464168765144747,0.46566432931763957,0.17400906864779614,0.1137768781179025,1
287,30min,0.18679909314270526,0.5044011131055834,0.3176020199628782,0.19322404946474714,0.17977291345798363,1
287,60min,0.11516492935922318,0.3409023447518029,0.22573741539257974,0.2084440196866026,0.2274692681385347,1
287,120min,-0.1439714576411164,0.3304093681255911,0.4743808257667075,0.25446759259259255,0.25014976205167894,1
288,10min,-0.1225643577508464,0.6705872204406176,0.793151578191464,0.2937859079715559,0.14596934585386795,1
288,30min,-0.09444062313089585,0.45218531919985183,0.5466259423307477,0.2862822466777409,0.22294602084075663,1
288,60min,-0.0808487317749973,0.3005625849146166,0.3814113166896139,0.28332579849857337,0.28319891287225474,1
288,120min,-0.23619270855695795,0.23123712864813262,0.46742983720509057,0.31435030941280934,0.30048187652200914,1
289,10min,0.24066305257924792,0.7337461172608282,0.49308306468158025,0.17418734080841639,0.1098705472738366,1
289,30min,0.1563975331857932,0.49972589267347156,0.34332835948767837,0.1905310396409873,0.1895260011079281,1
289,60min,0.10453045015616969,0.34743122601662746,0.24290077586045777,0.20342337435556296,0.2395358224789011,1
289,120min,-0.18362046373402463,0.1500923294567107,0.3337127931907353,0.25001209912536443,0.30061461819022894,1
290,10min,-0.2336722938100666,0.6510877127084181,0.8847600065184847,0.30294367892421353,0.1471039723110828,1
290,30min,-0.21630076849237057,0.39414570623529854,0.6104464747276691,0.3015290559246955,0.22474703994124876,1
290,60min,-0.10621477503812082,0.19663074615703846,0.3028455211951593,0.2823234230865121,0.29062835410171634,1
290,120min,-0.2145367357061292,0.1694735518585484,0.3840102875646776,0.3076721958596958,0.3218487826013977,1
291,10min,0.29765877789287065,0.7507207108962719,0.45306193300340125,0.16497058050413657,0.10430005754207587,1
291,30min,0.18231298652433903,0.5631440132162611,0.38083102669192204,0.1880996608527132,0.1594919971506683,1
291,60min,0.10528910124347357,0.3982720360124927,0.29298293476901915,0.20337668633480152,0.20908758365644772,1
291,120min,-0.15553939801500616,0.2462160907015738,0.40175548871657996,0.25099545593295597,0.28019195341259584,1
329,10min,-0.2558326524152015,-0.42930877996398187,-0.1734761275487804,0.009049377076411961,0.020989178470732305,0
329,30min,-0.37249545526203964,-0.1647076245848802,0.20778783067715945,0.0092812569213732,0.016951403524533597,1
329,60min,-0.39607029708407016,-2.076279930747044,-1.6802096336629737,0.009548325849548199,0.03298781175705073,0
329,120min,-0.45988878129857746,-14.99305064211306,-14.533161860814483,0.010148032523032523,0.08045415696300236,0
596,10min,0.8046072202195371,0.923957261845258,0.11935004162572083,0.04520490723506965,0.04089678669087669,1
596,30min,0.7521636451610679,0.8179021225943147,0.06573847743324679,0.05558401390155598,0.08088064889754822,1
596,60min,0.6837294394803426,0.65776469521469,-0.02596474426565254,0.06840730149157849,0.11769528937811777,0
596,120min,0.570004859938761,0.5606041522855812,-0.009400707653179796,0.09133470270040038,0.15825953180718233,0
597,10min,0.8049348316698917,0.9170346209589635,0.11209978928907183,0.04644290231507622,0.04216029049776058,1
597,30min,0.7505622498608037,0.7706131174025138,0.02005086754171015,0.05730311944436075,0.09393138215250608,1
597,60min,0.6825195192320053,0.6840924738873997,0.0015729546553944207,0.07031046724604474,0.1045092334893897,1
597,120min,0.5715002294006755,0.5932547237279446,0.02175449432726917,0.09293915106211618,0.14472961547706653,1
598,10min,0.8050446846325349,0.9393530677496277,0.1343083831170928,0.04536289855072463,0.0368214896190115,1
598,30min,0.750157989334105,0.8352758314738317,0.08511784213972662,0.05630748674179649,0.07386401553260716,1
598,60min,0.6815906629750696,0.6729182892424765,-0.008672373732593108,0.06935137357322499,0.10013914704035587,0
598,120min,0.5706486118023364,0.6057592899212704,0.03511067811893398,0.0920031958163858,0.13388532135400777,1
599,10min,0.8050781007695392,0.9394834359757821,0.13440533520624287,0.045394818252126844,0.035357866839929114,1
599,30min,0.750249443568489,0.7044138955883131,-0.04583554798017586,0.05644576566125291,0.10018697012397619,0
599,60min,0.6816202636435527,0.6172444498073635,-0.06437581383618918,0.06947802942315137,0.1159449910909952,0
599,120min,0.5706426098733501,0.6193281359016849,0.04868552602833476,0.0921544573643411,0.13606007768582565,1
609,10min,-0.4598552259659505,-44.69410194189099,-44.23424671592504,0.00010354929304667832,0.001045159691982077,0
609,30min,-0.4629899943600666,-266.1484869543108,-265.68549695995074,0.00010554748062015507,0.0028813129878721006,0
609,60min,-0.6304281369071405,-1578.1625201311788,-1577.5320919942717,0.00011908570874539462,0.013828075320619679,0
609,120min,-0.8096207855825368,-14691.488426481339,-14690.678805695756,0.0001359022921522922,0.04849330201509321,0
610,10min,0.6776410283902775,-24.850294995507465,-25.52793602389774,0.00019910904512880108,0.0027837157558893736,0
610,30min,0.6448277228963888,-228.4683842974631,-229.1132120203595,0.00022199612403100776,0.007755573839779448,0
610,60min,0.5754366378500066,-720.2642560721481,-720.8396927099981,0.00027002133023075437,0.015164496797507723,0
610,120min,0.4709978890837385,-5024.560630829292,-5025.031628718376,0.0003342074592074592,0.02945106255883299,0
611,10min,0.9029886964541733,-1.321703316436602,-2.2246920128907757,4.82692786585872e-05,0.0009286063948669374,0
611,30min,0.8925991959107494,-5.536194749685073,-6.428793945595823,5.23671096345515e-05,0.0020334280593793078,0
611,60min,0.8565810197631699,-37.52098939684139,-38.377570416604556,6.170531039640988e-05,0.0025037063918863047,0
611,120min,0.8060062584025159,-176.93126486224762,-177.73727112065012,7.715895215895217e-05,0.009047194199445349,0
612,10min,0.32324467968294357,-42.06423485388461,-42.38747953356755,0.00022507908838530574,0.004492980455525449,0
612,30min,0.24155504528505534,-104.82333590639958,-105.06489095168463,0.00024303940568475452,0.006422528208179309,0
612,60min,0.13252470114110382,-304.0064808894412,-304.1390055905823,0.00026751664404369466,0.01085155619935528,0
612,120min,0.01042997228850795,-565.0831410479767,-565.0935710202652,0.00030597618585387955,0.015554434540151787,0
613,10min,0.7101347842446691,-26.359919229125236,-27.070054013369905,0.00014768545419329852,0.0037568270709374216,0
613,30min,0.667340815303364,-1493.7698604033453,-1494.4372012186486,0.00016075581395348846,0.018503080714050144,0
613,60min,0.6642573285823767,-567.1263756052282,-567.7906329338106,0.0001614310645724259,0.017979333397635182,0
613,120min,0.6101994886339496,-2384.4039412828556,-2385.0141407714896,0.00018083867210250443,0.03560436288456927,0
617,10min,0.30258098535646405,0.7273867871575622,0.42480580180109817,0.15922041448770094,0.13088737216969157,1
617,30min,0.15571222493217307,0.5882603619844615,0.43254813705228845,0.18900862403100774,0.17467246176005982,1
617,60min,0.022810057928819627,0.41283086647020073,0.3900208085413811,0.21541031607523756,0.22182060311667368,1
617,120min,-0.20532633539055278,0.1276598918726708,0.3329862272632236,0.2617999222999223,0.2962310164115039,1
618,10min,0.27355057649857106,0.7328625047437476,0.4593119282451765,0.16563509161765988,0.1257409683595492,1
618,30min,0.13404151715519153,0.5407210655446348,0.4066795483894433,0.19363035288355057,0.18402023046117952,1
618,60min,-0.006141079358163104,0.39821715716726935,0.40435823652543246,0.22127940791029796,0.2305333623316342,1
618,120min,-0.22513380258541682,0.21872721024217323,0.44386101282759005,0.2657261142080594,0.2845123919264472,1
619,10min,0.28084239988670234,0.7501027966915723,0.46926039680487,0.16199312415262443,0.1211816011143123,1
619,30min,0.1273013004073058,0.5953801136484826,0.46807881324117684,0.19267063953488373,0.176173254713408,1
619,60min,-0.024337850521412463,0.41176112668399756,0.43609897720541,0.2221010799361585,0.21812253544035445,1
619,120min,-0.28339840495236635,0.12116665585596198,0.4045650608083283,0.2740863965094735,0.2882960203284175,1
620,10min,0.23817639009188918,0.7653637189523549,0.5271873288604657,0.17705019921972276,0.12478578611615138,1
620,30min,0.1098837864467449,0.4977151976567836,0.3878314112100387,0.2039719338316722,0.21629669322833103,1
620,60min,-0.007624538488830712,0.41092203391446047,0.4185465724032912,0.22807788996925124,0.2475801967856392,1
620,120min,-0.19549421610986606,0.1902679492076399,0.38576216531750596,0.26822999001580833,0.3343216728401647,1
621,10min,0.24411852713904247,0.7328589225187917,0.4887403953797492,0.17528372093023256,0.12485153387903496,1
621,30min,0.11460839425196678,0.5599326907430937,0.4453242964911269,0.20229794454140007,0.18209362482974484,1
621,60min,-0.01082047656683005,0.455828000346332,0.466648476913162,0.22811166084594492,0.2240684189772541,1
621,120min,-0.21480206913766997,0.23912185847032452,0.4539239276079945,0.27184994172494176,0.2980613702931384,1
622,10min,0.24553060044304242,0.7273683211250653,0.4818377206820229,0.1750636257989541,0.13826098386871283,1
622,30min,0.10695521479281112,0.5314784863545472,0.4245232715617361,0.20433226744186048,0.20432269441234233,1
622,60min,-0.012704210147533868,0.4187287270961181,0.43143293724365195,0.22951451102061923,0.24817199032562254,1
622,120min,-0.20061011897318548,0.1871735202407362,0.38778363921392167,0.27021141358641365,0.3293643598458425,1
708,10min,0.16623732923378864,0.7852437345376189,0.6190064053038302,0.17400705723124518,0.09120858264858875,1
708,30min,0.04125383717011322,0.5780862495838243,0.536832412413711,0.1978747339911008,0.15807481859113762,1
708,60min,-0.067984216404531,0.414976625868432,0.482960842272963,0.21879490902051874,0.20694582340256443,1
708,120min,-0.2366933954319197,0.2186723299571438,0.4553657253890635,0.25180620155038763,0.2690185366523474,1
709,10min,0.19880167389560566,0.7176695319668682,0.5188678580712626,0.16700440038222647,0.11602380790834635,1
709,30min,0.09686916692652903,0.5723107098102211,0.4754415428836921,0.18651188829538598,0.15480596375166647,1
709,60min,0.022451504497187247,0.4341107045157748,0.4116592000185876,0.20155594212326655,0.19388472044860064,1
709,120min,-0.010739050188914412,0.30489308530769543,0.31563213549660984,0.2103208514353863,0.2470448776745364,1
710,10min,0.25038438259776574,0.7626779443251155,0.5122935617273497,0.15203554165285604,0.09515065796709919,1
710,30min,0.1779454553190628,0.5936891164162518,0.41574366109718897,0.1654343407124893,0.15839558274003504,1
710,60min,0.15540824155467114,0.3990466898663205,0.24363844831164938,0.16976753912947296,0.2213178735861282,1
710,120min,0.05952811342250208,0.28484935866812144,0.22532124524561936,0.1882127491694352,0.2646833632472272,1
711,10min,0.21278192077186808,0.6405701198855966,0.42778819911372856,0.15685189481825212,0.1338516589551828,1
711,30min,0.14128040224360172,0.4045396656943867,0.263259263450785,0.1698368156316502,0.19797833072254117,1
711,60min,0.11887208662540982,0.07340163447569514,-0.04547045214971468,0.1741234030197445,0.2538480035261873,0
711,120min,0.03069026172030942,0.13219930972556027,0.10150904800525085,0.1910061046511628,0.2708639653495329,1
712,10min,0.26124342990673344,0.7697714548571616,0.5085280249504281,0.1433967977915804,0.08530866485378993,1
712,30min,0.17136563061756482,0.5840952060501925,0.41272957543262767,0.15816007439325308,0.13681044769342857,1
712,60min,0.14122748306800692,0.4402180330051395,0.2989905499371326,0.16379797602925866,0.18085744052620903,1
712,120min,0.019170714445227555,0.33678205253194904,0.3176113380867215,0.1876825073827981,0.2247944198936402,1
713,10min,0.28953074954491154,0.793231219254822,0.5037004697099104,0.13338128383604023,0.0843813951142448,1
713,30min,0.1936285877580396,0.6051762361362945,0.41154764837825486,0.14967807424593968,0.14703810733827236,1
713,60min,0.12927609431001685,0.39369091001016565,0.2644148157001488,0.16039527680991097,0.19573054321584923,1
713,120min,0.011234288753881216,0.22270302918344853,0.21146874042956731,0.18122112403100776,0.24748647614786856,1
714,10min,0.3414568917362536,0.7675180480089712,0.42606115627271757,0.11547275362318843,0.0925512933873329,1
714,30min,0.26452371030412825,0.6173982368628806,0.3528745265587524,0.1276646365042537,0.13416108736036345,1
714,60min,0.18290838369950135,0.4790990282454096,0.29619064454590827,0.14016105629715614,0.16084869072974256,1
714,120min,-0.026298375986625544,0.25405077233463325,0.2803491483212588,0.17279738372093023,0.20457499308069488,1
715,10min,0.3515025994792471,0.7930825635048813,0.44157996402563415,0.11155507246376811,0.07919291369528085,1
715,30min,0.26522304467693325,0.6283221200585325,0.36309907538159925,0.12431834880123743,0.12372407708144237,1
715,60min,0.14877700583591869,0.48003974304227703,0.33126273720635835,0.14225933449409944,0.15626866660113944,1
715,120min,-0.03068372535863606,0.2650261294425523,0.2957098548011884,0.1706296511627907,0.20466261570406358,1
716,10min,0.31028590588974825,0.7606757869315389,0.4503898810417907,0.11615400966183573,0.08527202268734188,1
716,30min,0.22606051580980302,0.5564489580081251,0.3303884421983221,0.12917952436194896,0.1360892255689724,1
716,60min,0.12402611345922876,0.46584181018290405,0.3418156967236753,0.14482888372992841,0.1580164399652126,1
716,120min,-0.059771037983308295,0.2316684243390602,0.2914394623223685,0.17426472868217052,0.21517569792059058,1
718,10min,-0.49239829297912574,0.2614970452494024,0.7538953382285282,0.05853410628019323,0.047363398925851605,1
718,30min,-0.5824942190393467,0.086873617519021,0.6693678365583677,0.06198375870069605,0.055262788818825286,1
718,60min,-0.6174412682385453,-0.14740568087074268,0.4700355873678026,0.06253646740181854,0.06423509005547537,1
718,120min,-0.6470884282146072,-0.2262304872085812,0.420857941006026,0.06485434824714313,0.0731874245648866,1
723,10min,-1.1716518513309366,0.6614015250681109,1.8330533763990475,0.2478859242072699,0.07666319219894059,1
723,30min,-1.5679006263574111,0.5745651345086746,2.1424657608660858,0.28315931941221967,0.0896103638880854,1
723,60min,-1.5725759809709858,0.6642449500626181,2.236820931033604,0.28207433217189315,0.0836179054534943,1
723,120min,-0.3443017545281337,0.4642872208874178,0.8085889754155515,0.1627205426356589,0.1113673596393754,1
735,10min,0.49820679671826906,0.8364019655779357,0.3381951688596666,0.07615581395348837,0.048317286929445036,1
735,30min,0.4199361972262895,0.7358674227489665,0.31593122552267705,0.08305177428737638,0.06329131243092487,1
735,60min,0.27047012653550795,0.5957672011258737,0.3252970745903657,0.09822792976329064,0.09801826728127964,1
735,120min,-0.03757388008061602,0.44109061094010815,0.47866449102072417,0.12756036324786324,0.1105764711188476,1
812,10min,0.8950880871018313,0.8401761986344944,-0.054911888467336856,0.018607813840236853,0.030090604386921845,0
812,30min,0.8727548374797618,0.7589681043714183,-0.11378673310834353,0.02093030177187154,0.035456766480140574,0
812,60min,0.8510803062118734,0.6562703929806424,-0.19480991323123098,0.02319147344801795,0.04832750037895574,0
812,120min,0.8059182450769707,0.5305921178297169,-0.2753261272472538,0.02783155733155733,0.06441927427706401,0
826,10min,-0.5763475439901906,-1.967120718164225,-1.3907731741740343,0.0027316482665117143,0.004617708412659739,0
826,30min,-0.6624164527218159,-0.47884299040905165,0.18357346231276428,0.002891348283499443,0.004189592431087958,1
826,60min,-0.7084178860487327,-1.4101590660063494,-0.7017411799576168,0.003004169090556522,0.007930937046370526,0
826,120min,-0.7598401458625355,-3.7113009262246415,-2.951460780362106,0.0032038300468702316,0.012527019372105368,0
827,10min,-0.12462046482817035,0.3704867364796287,0.49510720130779906,0.012390296234772977,0.010029306824474022,1
827,30min,-0.1457408625191119,-0.1865963827801269,-0.04085552026101502,0.013437693798449609,0.019262633859357677,0
827,60min,-0.32899150148525313,-0.055441856724292915,0.2735496447609602,0.014871071012805583,0.01652474761511456,1
827,120min,-0.5707403355244818,-3.319336834897002,-2.7485964993725203,0.01780258283383283,0.045177322573260105,0
846,10min,-0.4487937780530096,0.26501680127748084,0.7138105793304904,0.018101670117322295,0.01473422147156825,1
846,30min,-0.3462963087602804,0.11668931142709715,0.46298562018737754,0.01791111479394542,0.015900372823137335,1
846,60min,-0.4506547126912879,-0.04304600845378492,0.40760870423750295,0.0177968659315148,0.019490526217434637,1
846,120min,-0.31394503420511266,-0.01217104898337773,0.30177398522173493,0.017618133997785158,0.019805190664615703,1
917,10min,0.4135752423596585,0.7053369809594319,0.2917617385997734,0.033033147948313545,0.023531883297867203,1
917,30min,0.35630026403422743,0.6295087097484879,0.2732084457142605,0.035011157253599115,0.02646950809440103,1
917,60min,0.22018426792106016,0.5514728810628139,0.33128861314175373,0.03848973655779938,0.028911308435713032,1
917,120min,-0.03069418374384103,0.3940156829196392,0.4247098666634802,0.04525032587292343,0.034168119323152536,1
942,10min,-0.8718728342768041,0.6100163439779323,1.4818891782547363,0.07900145264381174,0.03826404340500037,1
942,30min,-0.9640459853001846,0.2615737365758344,1.225619721876019,0.08122792081949058,0.05850098615749192,1
942,60min,-1.0178189963384936,0.031849869925323904,1.0496688662638176,0.08363436786211655,0.07064834805947487,1
942,120min,-0.7167188333781158,0.20693091671228425,0.9236497500904001,0.07931100969737333,0.06390771399119645,1
943,10min,-0.5792665579332039,0.3592332085260943,0.9384997664592982,0.03812275592362549,0.023925257166407428,1
943,30min,-0.5544798306892225,0.1685557313984215,0.723035562087644,0.03808431388796818,0.02778862930044482,1
943,60min,-0.6213392340619723,0.037995669729437576,0.6593349037914099,0.039272056859114314,0.030204355028960267,1
943,120min,-0.6009158559152441,-0.029132319728971234,0.5717835361862729,0.038981741417497225,0.03154947654864503,1
949,10min,0.3414209900170111,0.7637083605718953,0.4222873705548842,0.12263235660330374,0.07515991163737207,1
949,30min,0.2260706531875446,0.6526710366791327,0.42660038349158813,0.13506492248062016,0.09823980791511545,1
949,60min,0.04492804758082136,0.49278246002485515,0.4478544124440338,0.15557946203495943,0.127737356230124,1
949,120min,-0.2612268783324949,0.2293522064320006,0.4905790847644955,0.19899793382699615,0.1579724367084818,1
952,10min,0.1122080558355395,0.7806585830636368,0.6684505272280973,0.13468384936775407,0.0656714616711639,1
952,30min,0.15780105937619815,0.6898236495709285,0.5320225901947303,0.12934641472868216,0.0838517682944585,1
952,60min,0.004812414838958112,0.5670315206957921,0.562219105856834,0.1450754314523948,0.10457489948141147,1
952,120min,-0.1747444154729858,0.43649686377473684,0.6112412792477226,0.16645451646004936,0.12662457055735715,1
958,10min,-0.04624515481032265,0.4530423229702554,0.499287477780578,0.019981810558219626,0.015706232924441326,1
958,30min,-0.11058312709160734,0.32101495003436153,0.43159807712596887,0.0208074548513502,0.018790403490277847,1
958,60min,-0.20175310168979,0.22706946735147227,0.42882256904126226,0.02209143977992146,0.020214410350796623,1
958,120min,-0.28078241819584315,0.10923321984172252,0.39001563803756567,0.02358505383505384,0.022110613134722616,1
970,10min,-0.37068589935289054,0.7984019677298008,1.1690878670826912,0.10478370027037467,0.039186776088732916,1
970,30min,-1.6976780172773362,0.6916513587977722,2.3893293760751084,0.17267864734299515,0.04767520841146022,1
970,60min,0.39255395226410195,0.5891023144545644,0.19654836219046246,0.06477880897138437,0.0576745508413123,1
970,120min,0.33137032068429717,0.4440454728395655,0.11267515215526835,0.06991826457485958,0.06752540657935642,1
971,10min,-0.4271370120193687,0.5293070619399203,0.956444073959289,0.03047788721514098,0.016343377286698615,1
971,30min,-0.4287643234962393,0.43207262641128896,0.8608369499075282,0.030403768115942028,0.019406818772848267,1
971,60min,-0.07885485324118124,0.37498991671899007,0.4538447699601713,0.025152213843774168,0.02109283079585025,1
971,120min,-0.036769177361239525,0.29424598366335764,0.33101516102459716,0.02565252760023242,0.022922447643379314,1
977,10min,-0.09531123113553552,0.7863130400097016,0.8816242711452371,0.09250849748937814,0.0420818656733121,1
977,30min,-0.3951382650047375,0.5601535548050312,0.9552918198097686,0.10908231884057971,0.06514444921588498,1
977,60min,-0.846467736933731,0.3614889894121557,1.2079567263458868,0.13436929621036348,0.08499675090551759,1
977,120min,-1.3799766784702183,0.034521076529418715,1.414497754999637,0.16644160371876818,0.1131257729801789,1
978,10min,-0.49336755983677594,0.6905397328853182,1.1839072927220942,0.132369640787949,0.06598079286226917,1
978,30min,-0.7909404386480212,0.49093156581484987,1.281872004462871,0.14963980676328503,0.08826340503318268,1
978,60min,-1.04496187166728,0.24884619639037886,1.293808068057659,0.16695552977571537,0.11217141171595574,1
978,120min,-1.268869288241461,-0.05695168503832804,1.211917603203133,0.18237575053263608,0.1441129944649013,1
980,10min,-0.21461336436711775,0.4455273586056461,0.6601407229727638,0.028385670142912323,0.018661981314310568,1
980,30min,-0.2847819784217953,0.33905618948438143,0.6238381679061767,0.02971961352657005,0.021159492804042262,1
980,60min,-0.26615583318308955,0.18225377317089397,0.4484096063539835,0.028630220417633415,0.023925938758953894,1
980,120min,-0.22717377996433852,0.18389916690197894,0.41107294686631746,0.029007263219058693,0.024235785053934266,1
983,10min,0.41543244908851207,0.7862787823446221,0.37084633325611005,0.06898532251834685,0.04109591659031408,1
983,30min,0.29269707376550314,0.6346665077151334,0.3419694339496303,0.07660985507246376,0.05625075273474348,1
983,60min,0.10112957356021812,0.4104192992211987,0.30928972566098056,0.08831283836040217,0.07525147411899673,1
983,120min,-0.10206979640298885,-0.033474329190860797,0.06859546721212806,0.10254561301568856,0.10446443732436853,1
984,10min,0.6948761996956758,0.9059007878678196,0.21102458817214376,0.059460988798764,0.03420501223350126,1
984,30min,0.6131681066030383,0.8354171750699382,0.22224906846689985,0.06826589371980678,0.04957218140068681,1
984,60min,0.4970100595444038,0.74507480241671,0.24806474287230618,0.07951991492652745,0.06409100274714485,1
984,120min,0.240726186966144,0.5861986614302248,0.3454724744640808,0.10257311640519078,0.08809597605363356,1
997,10min,0.33658103122559335,0.6673949233883453,0.3308138921627519,0.061155948242564706,0.04425051547294091,1
997,30min,0.31729395102511626,0.5692754554207917,0.25198150439567546,0.06313082125603865,0.052272433225776314,1
997,60min,0.2699840192002927,0.5022807457100052,0.23229672650971256,0.06487664346481051,0.056054165669565274,1
997,120min,0.11659224840977356,0.34663646165350526,0.2300442132437317,0.073611756730583,0.06517179299983412,1
