dataset,horizon_min,model,C_u_over_C_o,total_cost_dollars,cost_waste_dollars,cost_violation_dollars,cost_per_vcpu_month,violation_rate,waste_rate,mean_violation_pp,mean_waste_pp,savings_vs_naive_dollars,savings_vs_naive_pct,n_timesteps
Alibaba,10,naive,1,57.92487335205078,29.35382843017578,28.571043014526367,0.2996037006378174,0.14118709827273365,0.14587806947019444,0.4275967478752136,0.439312219619751,0.0,0.0,1670443
Alibaba,10,hetero_ensemble,1,65.17633378327518,32.444834830760264,32.73149895251492,0.3371102898377841,0.39401943077375284,0.6059805692262472,0.48986255371352005,0.4855723127152532,-7.251460431224402,-12.518733337839349,1670443
Alibaba,10,homo_ensemble,1,64.5807777787509,32.12460665906696,32.456171119683944,0.3340299070416696,0.37419953868524697,0.6258004613147531,0.48574197263366603,0.48077974913042454,-6.655904426700118,-11.49058088784664,1670443
Alibaba,10,xgboost,1,62.6992301940918,31.77096176147461,30.928268432617188,0.32429805397987366,0.3197433255729169,0.6802560757834898,0.4628750681877136,0.4754871428012848,-4.774356842041016,-8.242325782775879,1670443
Alibaba,10,lightgbm,1,57.92487999999997,29.353839999999987,28.57103999999999,0.2996037357754797,0.14118709827273365,0.14587806947019444,0.42759675128094765,0.43931220640273266,-6.647949192029046e-06,-1.1476847176902254e-05,1670443
Alibaba,10,extratrees,1,64.64787756205017,32.2499832077389,32.39789435431127,0.33437696595221356,0.37731428130142725,0.6226857186985728,0.4848697973278838,0.4826561458208824,-6.723004209999388,-11.606420214574998,1670443
Alibaba,10,bilstm,1,,,,,0.41848180392865847,0.5815104137046281,,,,,1670443
Alibaba,10,linear_reg,1,66.41801452636719,32.42499923706055,33.99301528930664,0.34353262186050415,0.47524758402411815,0.5247524159758818,0.5087427496910095,0.48527541756629944,-8.493141174316406,-14.662338256835938,1670443
Alibaba,10,naive,2,86.49591064453125,29.35382843017578,57.142086029052734,0.4473811388015747,0.14118709827273365,0.14587806947019444,0.4275967478752136,0.439312219619751,0.0,0.0,1670443
Alibaba,10,hetero_ensemble,2,97.9078327357901,32.444834830760264,65.46299790502984,0.5064067884011765,0.39401943077375284,0.6059805692262472,0.48986255371352005,0.4855723127152532,-11.411922091258845,-13.19359725358342,1670443
Alibaba,10,homo_ensemble,2,97.03694889843484,32.12460665906696,64.91234223936789,0.5019023327838644,0.37419953868524697,0.6258004613147531,0.48574197263366603,0.48077974913042454,-10.541038253903594,-12.186747529861467,1670443
Alibaba,10,xgboost,2,93.62750244140625,31.77096176147461,61.856536865234375,0.4842677116394043,0.3197433255729169,0.6802560757834898,0.4628750681877136,0.4754871428012848,-7.131591796875,-8.245004653930664,1670443
Alibaba,10,lightgbm,2,86.49591999999997,29.353839999999987,57.14207999999998,0.44738117301817526,0.14118709827273365,0.14587806947019444,0.42759675128094765,0.43931220640273266,-9.355468719718374e-06,-1.0816082113021697e-05,1670443
Alibaba,10,extratrees,2,97.04577191636145,32.2499832077389,64.79578870862254,0.5019479679087301,0.37731428130142725,0.6226857186985728,0.4848697973278838,0.4826561458208824,-10.549861271830196,-12.196948032822656,1670443
Alibaba,10,bilstm,2,,,,,0.41848180392865847,0.5815104137046281,,,,,1670443
Alibaba,10,linear_reg,2,100.41102600097656,32.42499923706055,67.98603057861328,0.519353985786438,0.47524758402411815,0.5247524159758818,0.5087427496910095,0.48527541756629944,-13.915115356445312,-16.08759880065918,1670443
Alibaba,10,naive,3,115.06694793701172,29.35382843017578,85.71311950683594,0.595158576965332,0.14118709827273365,0.14587806947019444,0.4275967478752136,0.439312219619751,0.0,0.0,1670443
Alibaba,10,hetero_ensemble,3,130.63933168830502,32.444834830760264,98.19449685754476,0.6757032869645688,0.39401943077375284,0.6059805692262472,0.48986255371352005,0.4855723127152532,-15.572383751293302,-13.533324756139104,1670443
Alibaba,10,homo_ensemble,3,129.4931200181188,32.12460665906696,97.36851335905183,0.6697747585260595,0.37419953868524697,0.6258004613147531,0.48574197263366603,0.48077974913042454,-14.426172081107069,-12.53719885662044,1670443
Alibaba,10,xgboost,3,124.55577087402344,31.77096176147461,92.78480529785156,0.6442374587059021,0.3197433255729169,0.6802560757834898,0.4628750681877136,0.4754871428012848,-9.488822937011719,-8.246350288391113,1670443
Alibaba,10,lightgbm,3,115.06695999999997,29.353839999999987,85.71311999999998,0.5951586102608707,0.14118709827273365,0.14587806947019444,0.42759675128094765,0.43931220640273266,-1.2062988247407702e-05,-1.0483451993539491e-05,1670443
Alibaba,10,extratrees,3,129.4436662706727,32.2499832077389,97.19368306293381,0.6695189698652466,0.37731428130142725,0.6226857186985728,0.4848697973278838,0.4826561458208824,-14.376718333660989,-12.494220618010033,1670443
Alibaba,10,bilstm,3,,,,,0.41848180392865847,0.5815104137046281,,,,,1670443
Alibaba,10,linear_reg,3,134.40403747558594,32.42499923706055,101.97904205322266,0.6951754093170166,0.47524758402411815,0.5247524159758818,0.5087427496910095,0.48527541756629944,-19.33708953857422,-16.805078506469727,1670443
Alibaba,10,naive,5,172.20904541015625,29.35382843017578,142.85520935058594,0.8907135725021362,0.14118709827273365,0.14587806947019444,0.4275967478752136,0.439312219619751,0.0,0.0,1670443
Alibaba,10,hetero_ensemble,5,196.10232959333487,32.444834830760264,163.6574947625746,1.0142962840913539,0.39401943077375284,0.6059805692262472,0.48986255371352005,0.4855723127152532,-23.893284183178622,-13.87458139975816,1670443
Alibaba,10,homo_ensemble,5,194.40546225748665,32.12460665906696,162.2808555984197,1.005519610010449,0.37419953868524697,0.6258004613147531,0.48574197263366603,0.48077974913042454,-22.196416847330397,-12.88922820195909,1670443
Alibaba,10,xgboost,5,186.4123077392578,31.77096176147461,154.64134216308594,0.9641767740249634,0.3197433255729169,0.6802560757834898,0.4628750681877136,0.4754871428012848,-14.203262329101562,-8.247686386108398,1670443
Alibaba,10,lightgbm,5,172.20903999999993,29.353839999999987,142.85519999999994,0.8907134847462616,0.14118709827273365,0.14587806947019444,0.42759675128094765,0.43931220640273266,5.410156319385351e-06,3.141621455771846e-06,1670443
Alibaba,10,extratrees,5,194.23945497929523,32.2499832077389,161.98947177155634,1.0046609737782797,0.37731428130142725,0.6226857186985728,0.4848697973278838,0.4826561458208824,-22.030409569138982,-12.792829503623572,1670443
Alibaba,10,bilstm,5,,,,,0.41848180392865847,0.5815104137046281,,,,,1670443
Alibaba,10,linear_reg,5,202.39007568359375,32.42499923706055,169.96507263183594,1.0468183755874634,0.47524758402411815,0.5247524159758818,0.5087427496910095,0.48527541756629944,-30.1810302734375,-17.52581024169922,1670443
Alibaba,10,naive,10,315.0642395019531,29.35382843017578,285.7104187011719,1.6296006441116333,0.14118709827273365,0.14587806947019444,0.4275967478752136,0.439312219619751,0.0,0.0,1670443
Alibaba,10,hetero_ensemble,10,359.7598243559095,32.444834830760264,327.3149895251492,1.8607787769083157,0.39401943077375284,0.6059805692262472,0.48986255371352005,0.4855723127152532,-44.69558485395635,-14.186181498925485,1670443
Alibaba,10,homo_ensemble,10,356.68631785590634,32.12460665906696,324.5617111968394,1.8448817387214234,0.37419953868524697,0.6258004613147531,0.48574197263366603,0.48077974913042454,-41.62207835395321,-13.210664091789189,1670443
Alibaba,10,xgboost,10,341.05364990234375,31.77096176147461,309.2826843261719,1.7640254497528076,0.3197433255729169,0.6802560757834898,0.4628750681877136,0.4754871428012848,-25.989410400390625,-8.248924255371094,1670443
Alibaba,10,lightgbm,10,315.06423999999987,29.353839999999987,285.7103999999999,1.6296006709597388,0.14118709827273365,0.14587806947019444,0.42759675128094765,0.43931220640273266,-4.980467451787263e-07,-1.580778402417323e-07,1670443
Alibaba,10,extratrees,10,356.2289267508516,32.2499832077389,323.9789435431127,1.8425159835608622,0.37731428130142725,0.6226857186985728,0.4848697973278838,0.4826561458208824,-41.164687248898474,-13.065490172407614,1670443
Alibaba,10,bilstm,10,,,,,0.41848180392865847,0.5815104137046281,,,,,1670443
Alibaba,10,linear_reg,10,372.3551330566406,32.42499923706055,339.9301452636719,1.9259252548217773,0.47524758402411815,0.5247524159758818,0.5087427496910095,0.48527541756629944,-57.2908935546875,-18.183876037597656,1670443
Alibaba,30,naive,1,113.39115905761719,57.6900520324707,55.70111083984375,0.5934843420982361,0.2650253610611846,0.2765158330198412,0.8435683250427246,0.8736902475357056,0.0,0.0,1650759
Alibaba,30,hetero_ensemble,1,115.58660787659849,57.51993536281587,58.06667251378262,0.6049752217336455,0.4387357573092135,0.5612642426907865,0.8793935473588619,0.8711134599722896,-2.195448818981305,-1.93617283501418,1650759
Alibaba,30,homo_ensemble,1,115.67308345265644,57.77465759703726,57.89842585561917,0.6054278310952427,0.42700054944422533,0.5729994505557746,0.8768455276575684,0.8749711132430175,-2.2819243950392547,-2.0124359024143548,1650759
Alibaba,30,xgboost,1,116.92436218261719,59.14228057861328,57.78208541870117,0.6119769215583801,0.3924206985998562,0.6075793014001438,0.8750832676887512,0.8956829905509949,-3.533203125,-3.1159422397613525,1650759
Alibaba,30,lightgbm,1,113.04718345556523,56.51489674635602,56.53228670920922,0.5916839860064876,0.3237347183931755,0.3297604314136709,0.8561559668796183,0.8558926037410067,0.3439756020519553,0.30335310522504827,1650759
Alibaba,30,extratrees,1,116.16448066326949,58.41777657218282,57.74670409108667,0.6079997824822693,0.423858964270375,0.5761410357296249,0.8745477700119562,0.8847108598557213,-2.773321605652299,-2.44580056214356,1650759
Alibaba,30,bilstm,1,,,,,0.5094002213527232,0.4905925092639204,,,,,1650759
Alibaba,30,linear_reg,1,120.44883728027344,58.73817825317383,61.710662841796875,0.6304239630699158,0.5091209558754488,0.4908790441245512,0.9345799684524536,0.8895633816719055,-7.05767822265625,-6.22418737411499,1650759
Alibaba,30,naive,2,169.09226989746094,57.6900520324707,111.4022216796875,0.8850215077400208,0.2650253610611846,0.2765158330198412,0.8435683250427246,0.8736902475357056,0.0,0.0,1650759
Alibaba,30,hetero_ensemble,2,173.6532803903811,57.51993536281587,116.13334502756524,0.9088936317008677,0.4387357573092135,0.5612642426907865,0.8793935473588619,0.8711134599722896,-4.561010492920161,-2.6973500892063242,1650759
Alibaba,30,homo_ensemble,2,173.5715093082756,57.77465759703726,115.79685171123835,0.9084656454536981,0.42700054944422533,0.5729994505557746,0.8768455276575684,0.8749711132430175,-4.479239410814671,-2.6489912362823693,1650759
Alibaba,30,xgboost,2,174.70645141601562,59.14228057861328,115.56417083740234,0.9144058227539062,0.3924206985998562,0.6075793014001438,0.8750832676887512,0.8956829905509949,-5.6141815185546875,-3.320188045501709,1650759
Alibaba,30,lightgbm,2,169.57947016477445,56.51489674635602,113.06457341841843,0.8875714881600834,0.3237347183931755,0.3297604314136709,0.8561559668796183,0.8558926037410067,-0.4872002673135114,-0.2881268715648291,1650759
Alibaba,30,extratrees,2,173.91118475435616,58.41777657218282,115.49340818217334,0.9102434917984012,0.423858964270375,0.5761410357296249,0.8745477700119562,0.8847108598557213,-4.818914856895219,-2.8498729479576164,1650759
Alibaba,30,bilstm,2,,,,,0.5094002213527232,0.4905925092639204,,,,,1650759
Alibaba,30,linear_reg,2,182.1595001220703,58.73817825317383,123.42132568359375,0.9534149169921875,0.5091209558754488,0.4908790441245512,0.9345799684524536,0.8895633816719055,-13.067230224609375,-7.727869510650635,1650759
Alibaba,30,naive,3,224.7933807373047,57.6900520324707,167.10333251953125,1.1765587329864502,0.2650253610611846,0.2765158330198412,0.8435683250427246,0.8736902475357056,0.0,0.0,1650759
Alibaba,30,hetero_ensemble,3,231.71995290416373,57.51993536281587,174.20001754134788,1.21281204166809,0.4387357573092135,0.5612642426907865,0.8793935473588619,0.8711134599722896,-6.926572166859046,-3.081306106140862,1650759
Alibaba,30,homo_ensemble,3,231.46993516389477,57.77465759703726,173.69527756685753,1.2115034598121537,0.42700054944422533,0.5729994505557746,0.8768455276575684,0.8749711132430175,-6.676554426590087,-2.970084975229925,1650759
Alibaba,30,xgboost,3,232.488525390625,59.14228057861328,173.34625244140625,1.2168347835540771,0.3924206985998562,0.6075793014001438,0.8750832676887512,0.8956829905509949,-7.6951446533203125,-3.4232077598571777,1650759
Alibaba,30,lightgbm,3,226.11175687398367,56.51489674635602,169.59686012762765,1.1834589903136794,0.3237347183931755,0.3297604314136709,0.8561559668796183,0.8558926037410067,-1.3183761366789781,-0.5864835220480281,1650759
Alibaba,30,extratrees,3,231.65788884544284,58.41777657218282,173.24011227326002,1.2124872011145333,0.423858964270375,0.5761410357296249,0.8745477700119562,0.8847108598557213,-6.864508108138153,-3.0536967261327286,1650759
Alibaba,30,bilstm,3,,,,,0.5094002213527232,0.4905925092639204,,,,,1650759
Alibaba,30,linear_reg,3,243.87014770507812,58.73817825317383,185.13197326660156,1.2764055728912354,0.5091209558754488,0.4908790441245512,0.9345799684524536,0.8895633816719055,-19.076766967773438,-8.486356735229492,1650759
Alibaba,30,naive,5,336.19561767578125,57.6900520324707,278.50555419921875,1.7596330642700195,0.2650253610611846,0.2765158330198412,0.8435683250427246,0.8736902475357056,0.0,0.0,1650759
Alibaba,30,hetero_ensemble,5,347.85329793172895,57.51993536281587,290.33336256891306,1.8206488616025345,0.4387357573092135,0.5612642426907865,0.8793935473588619,0.8711134599722896,-11.657680255947696,-3.4675289156178337,1650759
Alibaba,30,homo_ensemble,5,347.2667868751331,57.77465759703726,289.49212927809583,1.8175790885290646,0.42700054944422533,0.5729994505557746,0.8768455276575684,0.8749711132430175,-11.071169199351857,-3.293073620617095,1650759
Alibaba,30,xgboost,5,348.0527038574219,59.14228057861328,288.9104309082031,1.8216924667358398,0.3924206985998562,0.6075793014001438,0.8750832676887512,0.8956829905509949,-11.857086181640625,-3.526841402053833,1650759
Alibaba,30,lightgbm,5,339.1763302924021,56.51489674635602,282.66143354604606,1.7752339946208706,0.3237347183931755,0.3297604314136709,0.8561559668796183,0.8558926037410067,-2.980712616620849,-0.8866006752935651,1650759
Alibaba,30,extratrees,5,347.1512970276161,58.41777657218282,288.73352045543334,1.8169746197467973,0.423858964270375,0.5761410357296249,0.8745477700119562,0.8847108598557213,-10.955679351834874,-3.258721641755682,1650759
Alibaba,30,bilstm,5,,,,,0.5094002213527232,0.4905925092639204,,,,,1650759
Alibaba,30,linear_reg,5,367.29150390625,58.73817825317383,308.5533142089844,1.922387719154358,0.5091209558754488,0.4908790441245512,0.9345799684524536,0.8895633816719055,-31.09588623046875,-9.249342918395996,1650759
Alibaba,30,naive,10,614.701171875,57.6900520324707,557.0111083984375,3.217318534851074,0.2650253610611846,0.2765158330198412,0.8435683250427246,0.8736902475357056,0.0,0.0,1650759
Alibaba,30,hetero_ensemble,10,638.186660500642,57.51993536281587,580.6667251378261,3.3402409114386455,0.4387357573092135,0.5612642426907865,0.8793935473588619,0.8711134599722896,-23.485488625642006,-3.82063508257274,1650759
Alibaba,30,homo_ensemble,10,636.7589161532289,57.77465759703726,578.9842585561917,3.3327681603213417,0.42700054944422533,0.5729994505557746,0.8768455276575684,0.8749711132430175,-22.057744278228938,-3.588368672040599,1650759
Alibaba,30,xgboost,10,636.963134765625,59.14228057861328,577.8208618164062,3.3338370323181152,0.3924206985998562,0.6075793014001438,0.8750832676887512,0.8956829905509949,-22.261962890625,-3.621591091156006,1650759
Alibaba,30,lightgbm,10,621.8377638384482,56.51489674635602,565.3228670920921,3.25467150538885,0.3237347183931755,0.3297604314136709,0.8561559668796183,0.8558926037410067,-7.136591963448154,-1.1609855796564816,1650759
Alibaba,30,extratrees,10,635.8848174830495,58.41777657218282,577.4670409108667,3.3281931663274573,0.423858964270375,0.5761410357296249,0.8745477700119562,0.8847108598557213,-21.18364560804946,-3.4461697125830715,1650759
Alibaba,30,bilstm,10,,,,,0.5094002213527232,0.4905925092639204,,,,,1650759
Alibaba,30,linear_reg,10,675.8447875976562,58.73817825317383,617.1066284179688,3.537342071533203,0.5091209558754488,0.4908790441245512,0.9345799684524536,0.8895633816719055,-61.14361572265625,-9.946884155273438,1650759
Alibaba,60,naive,1,143.17098999023438,73.1179428100586,70.05303955078125,0.7629978060722351,0.31486590761475985,0.3339908575756847,1.0802432298660278,1.1275054216384888,0.0,0.0,1621233
Alibaba,60,hetero_ensemble,1,138.4400629457191,69.56765174468917,68.87241120102993,0.7377854656616372,0.49466054539970505,0.505339454600295,1.062037523308338,1.0727583842774175,4.730927044515283,3.304389419139993,1621233
Alibaba,60,homo_ensemble,1,138.91371449283992,70.46149408924559,68.45222040359434,0.7403096860341092,0.4860091054154461,0.5139908945845538,1.0555580290370712,1.0865417569412532,4.25727549739446,2.973560144890279,1621233
Alibaba,60,xgboost,1,144.81024169921875,73.13616180419922,71.67408752441406,0.7717338800430298,0.40145925971158986,0.5985407402884101,1.105239748954773,1.1277860403060913,-1.639251708984375,-1.1449607610702515,1621233
Alibaba,60,lightgbm,1,137.43425466604032,67.70862912962161,69.72562553641872,0.732425234568127,0.5172513759589152,0.48274862404108476,1.0751943973571154,1.044091582296031,5.736735324194058,4.006911822419722,1621233
Alibaba,60,extratrees,1,140.13429212077915,72.19129084664678,67.94300127413237,0.746814482510245,0.47153370305193637,0.5284551942873109,1.0477056856437728,1.1132158493974462,3.0366978694552245,2.1210287570564095,1621233
Alibaba,60,bilstm,1,,,,,0.5403103687131955,0.4596828463274557,,,,,1621233
Alibaba,60,linear_reg,1,149.07708740234375,72.87926483154297,76.19781494140625,0.7944731116294861,0.4957584751852448,0.5042415248147551,1.174998164176941,1.1238250732421875,-5.906097412109375,-4.1252055168151855,1621233
Alibaba,60,naive,2,213.22402954101562,73.1179428100586,140.1060791015625,1.1363298892974854,0.31486590761475985,0.3339908575756847,1.0802432298660278,1.1275054216384888,0.0,0.0,1621233
Alibaba,60,hetero_ensemble,2,207.31247414674903,69.56765174468917,137.74482240205987,1.1048256337169993,0.49466054539970505,0.505339454600295,1.062037523308338,1.0727583842774175,5.9115553942666,2.77246209397307,1621233
Alibaba,60,homo_ensemble,2,207.36593489643428,70.46149408924559,136.90444080718868,1.1051105408693211,0.4860091054154461,0.5139908945845538,1.0555580290370712,1.0865417569412532,5.858094644581342,2.7473895213365167,1621233
Alibaba,60,xgboost,2,216.48434448242188,73.13616180419922,143.34817504882812,1.1537050008773804,0.40145925971158986,0.5985407402884101,1.105239748954773,1.1277860403060913,-3.26031494140625,-1.5290560722351074,1621233
Alibaba,60,lightgbm,2,207.15988020245905,67.70862912962161,139.45125107283744,1.1040124182947462,0.5172513759589152,0.48274862404108476,1.0751943973571154,1.044091582296031,6.064149338556575,2.8440271725519004,1621233
Alibaba,60,extratrees,2,208.07729339491152,72.19129084664678,135.88600254826474,1.1089015674687324,0.47153370305193637,0.5284551942873109,1.0477056856437728,1.1132158493974462,5.146736146104104,2.4137692910048307,1621233
Alibaba,60,bilstm,2,,,,,0.5403103687131955,0.4596828463274557,,,,,1621233
Alibaba,60,linear_reg,2,225.27490234375,72.87926483154297,152.3956298828125,1.2005523443222046,0.4957584751852448,0.5042415248147551,1.174998164176941,1.1238250732421875,-12.050872802734375,-5.651742458343506,1621233
Alibaba,60,naive,3,283.2770690917969,73.1179428100586,210.15911865234375,1.50966215133667,0.31486590761475985,0.3339908575756847,1.0802432298660278,1.1275054216384888,0.0,0.0,1621233
Alibaba,60,hetero_ensemble,3,276.184885347779,69.56765174468917,206.61723360308983,1.4718658017723614,0.49466054539970505,0.505339454600295,1.062037523308338,1.0727583842774175,7.092183744017859,2.5036208425750175,1621233
Alibaba,60,homo_ensemble,3,275.81815530002865,70.46149408924559,205.35666121078305,1.469911395704533,0.4860091054154461,0.5139908945845538,1.0555580290370712,1.0865417569412532,7.458913791768225,2.6330806851687454,1621233
Alibaba,60,xgboost,3,288.1584167480469,73.13616180419922,215.02224731445312,1.5356762409210205,0.40145925971158986,0.5985407402884101,1.105239748954773,1.1277860403060913,-4.88134765625,-1.7231707572937012,1621233
Alibaba,60,lightgbm,3,276.8855057388778,67.70862912962161,209.1768766092562,1.4755996020213653,0.5172513759589152,0.48274862404108476,1.0751943973571154,1.044091582296031,6.391563352919093,2.2562939433858253,1621233
Alibaba,60,extratrees,3,276.0202946690439,72.19129084664678,203.82900382239714,1.47098865242722,0.47153370305193637,0.5284551942873109,1.0477056856437728,1.1132158493974462,7.256774422752983,2.5617232083128485,1621233
Alibaba,60,bilstm,3,,,,,0.5403103687131955,0.4596828463274557,,,,,1621233
Alibaba,60,linear_reg,3,301.4726867675781,72.87926483154297,228.5934295654297,1.6066315174102783,0.4957584751852448,0.5042415248147551,1.174998164176941,1.1238250732421875,-18.19561767578125,-6.423258304595947,1621233
Alibaba,60,naive,5,423.3831481933594,73.1179428100586,350.26519775390625,2.256326198577881,0.31486590761475985,0.3339908575756847,1.0802432298660278,1.1275054216384888,0.0,0.0,1621233
Alibaba,60,hetero_ensemble,5,413.9297077498388,69.56765174468917,344.36205600514967,2.2059461378830854,0.49466054539970505,0.505339454600295,1.062037523308338,1.0727583842774175,9.453440443520549,2.2328334237817034,1621233
Alibaba,60,homo_ensemble,5,412.7225961072173,70.46149408924559,342.2611020179717,2.199513105374957,0.4860091054154461,0.5139908945845538,1.0555580290370712,1.0865417569412532,10.660552086142047,2.5179443564611046,1621233
Alibaba,60,xgboost,5,431.506591796875,73.13616180419922,358.37042236328125,2.2996182441711426,0.40145925971158986,0.5985407402884101,1.105239748954773,1.1277860403060913,-8.123443603515625,-1.9186979532241821,1621233
Alibaba,60,lightgbm,5,416.3367568117152,67.70862912962161,348.6281276820936,2.218773969474603,0.5172513759589152,0.48274862404108476,1.0751943973571154,1.044091582296031,7.0463913816441845,1.6643060574593518,1621233
Alibaba,60,extratrees,5,411.90629721730863,72.19129084664678,339.71500637066185,2.1951628223441952,0.47153370305193637,0.5284551942873109,1.0477056856437728,1.1132158493974462,11.476850976050741,2.710748178103975,1621233
Alibaba,60,bilstm,5,,,,,0.5403103687131955,0.4596828463274557,,,,,1621233
Alibaba,60,linear_reg,5,453.86834716796875,72.87926483154297,380.98907470703125,2.418790102005005,0.4957584751852448,0.5042415248147551,1.174998164176941,1.1238250732421875,-30.485198974609375,-7.200381278991699,1621233
Alibaba,60,naive,10,773.6483154296875,73.1179428100586,700.5303955078125,4.122986316680908,0.31486590761475985,0.3339908575756847,1.0802432298660278,1.1275054216384888,0.0,0.0,1621233
Alibaba,60,hetero_ensemble,10,758.2917637549886,69.56765174468917,688.7241120102993,4.041146978159895,0.49466054539970505,0.505339454600295,1.062037523308338,1.0727583842774175,15.356551674698949,1.9849525124564973,1621233
Alibaba,60,homo_ensemble,10,754.983698125189,70.46149408924559,684.5222040359434,4.023517379551016,0.4860091054154461,0.5139908945845538,1.0555580290370712,1.0865417569412532,18.664617304498506,2.412545459254584,1621233
Alibaba,60,xgboost,10,789.8770141601562,73.13616180419922,716.7408447265625,4.209473609924316,0.40145925971158986,0.5985407402884101,1.105239748954773,1.1277860403060913,-16.22869873046875,-2.097684144973755,1621233
Alibaba,60,lightgbm,10,764.9648844938088,67.70862912962161,697.2562553641872,4.076709888107698,0.5172513759589152,0.48274862404108476,1.0751943973571154,1.044091582296031,8.683430935878732,1.1224002899891172,1621233
Alibaba,60,extratrees,10,751.6213035879705,72.19129084664678,679.4300127413237,4.005598247136633,0.47153370305193637,0.5284551942873109,1.0477056856437728,1.1132158493974462,22.027011841717012,2.8471608355384475,1621233
Alibaba,60,bilstm,10,,,,,0.5403103687131955,0.4596828463274557,,,,,1621233
Alibaba,60,linear_reg,10,834.857421875,72.87926483154297,761.9781494140625,4.4491868019104,0.4957584751852448,0.5042415248147551,1.174998164176941,1.1238250732421875,-61.2091064453125,-7.91174840927124,1621233
Alibaba,120,naive,1,172.67926025390625,88.51313781738281,84.1661148071289,0.9550421833992004,0.3295943299784084,0.3629848269822767,1.3469328880310059,1.416499137878418,0.0,0.0,1562181
Alibaba,120,hetero_ensemble,1,153.49835803103082,79.40034151647936,74.09801651455146,0.8489578438017785,0.4883448204785489,0.5116551795214511,1.1858103592757732,1.2706648832062253,19.18090222287543,11.107820472865114,1562181
Alibaba,120,homo_ensemble,1,154.30678411879006,80.46141797822114,73.84536614056894,0.8534290295339311,0.4732755039268817,0.5267244960731183,1.1817671278259196,1.2876455733717977,18.372476135116187,10.63965418203752,1562181
Alibaba,120,xgboost,1,175.655517578125,93.77497100830078,81.88054656982422,0.9715030193328857,0.422535544856838,0.577464455143162,1.3103562593460083,1.5007060766220093,-2.97625732421875,-1.723575472831726,1562181
Alibaba,120,lightgbm,1,155.13869746768262,77.56093741468989,77.57776005299272,0.8580301169459734,0.5044537092692845,0.4955462907307156,1.2414976250030034,1.2412284078267806,17.54056278622363,10.157886222370957,1562181
Alibaba,120,extratrees,1,155.15130211730528,80.87034159713029,74.28096052017499,0.8580998298491134,0.4766041835101054,0.5233849342681802,1.1887380610853513,1.294189687320647,17.527958136600972,10.150586764634038,1562181
Alibaba,120,bilstm,1,,,,,0.47574832877880346,0.5242446297836166,,,,,1562181
Alibaba,120,linear_reg,1,180.17654418945312,90.65467834472656,89.52186584472656,0.9965077042579651,0.4933474418137207,0.5066525581862793,1.4326415061950684,1.4507715702056885,-7.497283935546875,-4.341739654541016,1562181
Alibaba,120,naive,2,256.8453674316406,88.51313781738281,168.3322296142578,1.4205421209335327,0.3295943299784084,0.3629848269822767,1.3469328880310059,1.416499137878418,0.0,0.0,1562181
Alibaba,120,hetero_ensemble,2,227.59637454558228,79.40034151647936,148.19603302910292,1.258773903967486,0.4883448204785489,0.5116551795214511,1.1858103592757732,1.2706648832062253,29.248992886058346,11.38778292111613,1562181
Alibaba,120,homo_ensemble,2,228.15215025935902,80.46141797822114,147.69073228113788,1.2618477489105693,0.4732755039268817,0.5267244960731183,1.1817671278259196,1.2876455733717977,28.693217172281607,11.17139758415861,1562181
Alibaba,120,xgboost,2,257.53607177734375,93.77497100830078,163.76109313964844,1.424362301826477,0.422535544856838,0.577464455143162,1.3103562593460083,1.5007060766220093,-0.690704345703125,-0.26891836524009705,1562181
Alibaba,120,lightgbm,2,232.7164575206753,77.56093741468989,155.15552010598543,1.2870916961470116,0.5044537092692845,0.4955462907307156,1.2414976250030034,1.2412284078267806,24.12890991096532,9.39433331122362,1562181
Alibaba,120,extratrees,2,229.43226263748028,80.87034159713029,148.56192104034997,1.2689277037602107,0.4766041835101054,0.5233849342681802,1.1887380610853513,1.294189687320647,27.413104794160347,10.672999504830992,1562181
Alibaba,120,bilstm,2,,,,,0.47574832877880346,0.5242446297836166,,,,,1562181
Alibaba,120,linear_reg,2,269.69842529296875,90.65467834472656,179.04373168945312,1.4916290044784546,0.4933474418137207,0.5066525581862793,1.4326415061950684,1.4507715702056885,-12.853057861328125,-5.0042009353637695,1562181
Alibaba,120,naive,3,341.011474609375,88.51313781738281,252.49832153320312,1.8860419988632202,0.3295943299784084,0.3629848269822767,1.3469328880310059,1.416499137878418,0.0,0.0,1562181
Alibaba,120,hetero_ensemble,3,301.69439106013374,79.40034151647936,222.2940495436544,1.668589964133193,0.4883448204785489,0.5116551795214511,1.1858103592757732,1.2706648832062253,39.31708354924126,11.529548556768818,1562181
Alibaba,120,homo_ensemble,3,301.997516399928,80.46141797822114,221.53609842170684,1.6702664682872073,0.4732755039268817,0.5267244960731183,1.1817671278259196,1.2876455733717977,39.013958209447026,11.440658486385862,1562181
Alibaba,120,xgboost,3,339.4165954589844,93.77497100830078,245.64163208007812,1.8772213459014893,0.422535544856838,0.577464455143162,1.3103562593460083,1.5007060766220093,1.594879150390625,0.46769076585769653,1562181
Alibaba,120,lightgbm,3,310.29421757366805,77.56093741468989,232.73328015897815,1.71615327534805,0.5044537092692845,0.4955462907307156,1.2414976250030034,1.2412284078267806,30.71725703570695,9.007690157902529,1562181
Alibaba,120,extratrees,3,303.71322315765525,80.87034159713029,222.84288156052497,1.6797555776713076,0.4766041835101054,0.5233849342681802,1.1887380610853513,1.294189687320647,37.29825145171975,10.937535604760662,1562181
Alibaba,120,bilstm,3,,,,,0.47574832877880346,0.5242446297836166,,,,,1562181
Alibaba,120,linear_reg,3,359.22027587890625,90.65467834472656,268.5655822753906,1.9867502450942993,0.4933474418137207,0.5066525581862793,1.4326415061950684,1.4507715702056885,-18.20880126953125,-5.339644908905029,1562181
Alibaba,120,naive,5,509.34368896484375,88.51313781738281,420.83056640625,2.8170418739318848,0.3295943299784084,0.3629848269822767,1.3469328880310059,1.416499137878418,0.0,0.0,1562181
Alibaba,120,hetero_ensemble,5,449.8904240892366,79.40034151647936,370.4900825727573,2.4882220844646072,0.4883448204785489,0.5116551795214511,1.1858103592757732,1.2706648832062253,59.45326487560715,11.672524105763637,1562181
Alibaba,120,homo_ensemble,5,449.68824868106583,80.46141797822114,369.22683070284467,2.487103907040483,0.4732755039268817,0.5267244960731183,1.1817671278259196,1.2876455733717977,59.65544028377792,11.71221742337039,1562181
Alibaba,120,xgboost,5,503.1777038574219,93.77497100830078,409.4027404785156,2.7829396724700928,0.422535544856838,0.577464455143162,1.3103562593460083,1.5007060766220093,6.165985107421875,1.2105745077133179,1562181
Alibaba,120,lightgbm,5,465.4497376796534,77.56093741468989,387.88880026496355,2.574276433750126,0.5044537092692845,0.4955462907307156,1.2414976250030034,1.2412284078267806,43.893951285190326,8.617747158975794,1562181
Alibaba,120,extratrees,5,452.2751441980052,80.87034159713029,371.4048026008749,2.5014113254935024,0.4766041835101054,0.5233849342681802,1.1887380610853513,1.294189687320647,57.068544766838556,11.204329415138307,1562181
Alibaba,120,bilstm,5,,,,,0.47574832877880346,0.5242446297836166,,,,,1562181
Alibaba,120,linear_reg,5,538.2639770507812,90.65467834472656,447.60931396484375,2.97699236869812,0.4933474418137207,0.5066525581862793,1.4326415061950684,1.4507715702056885,-28.9202880859375,-5.677951812744141,1562181
Alibaba,120,naive,10,930.1742553710938,88.51313781738281,841.6611328125,5.144542217254639,0.3295943299784084,0.3629848269822767,1.3469328880310059,1.416499137878418,0.0,0.0,1562181
Alibaba,120,hetero_ensemble,10,820.3805066619939,79.40034151647936,740.9801651455145,4.537302385293144,0.4883448204785489,0.5116551795214511,1.1858103592757732,1.2706648832062253,109.79374870909987,11.80356778045825,1562181
Alibaba,120,homo_ensemble,10,818.9150793839104,80.46141797822114,738.4536614056893,4.5291975039236725,0.4732755039268817,0.5267244960731183,1.1817671278259196,1.2876455733717977,111.25917598718331,11.961111086953958,1562181
Alibaba,120,xgboost,10,912.5804443359375,93.77497100830078,818.8054809570312,5.047235012054443,0.422535544856838,0.577464455143162,1.3103562593460083,1.5007060766220093,17.59381103515625,1.8914532661437988,1562181
Alibaba,120,lightgbm,10,853.338537944617,77.56093741468989,775.7776005299271,4.719584329755317,0.5044537092692845,0.4955462907307156,1.2414976250030034,1.2412284078267806,76.83571742647678,8.260357345175406,1562181
Alibaba,120,extratrees,10,823.6799467988801,80.87034159713029,742.8096052017498,4.555550695048988,0.4766041835101054,0.5233849342681802,1.1887380610853513,1.294189687320647,106.49430857221364,11.448855733996599,1562181
Alibaba,120,bilstm,10,,,,,0.47574832877880346,0.5242446297836166,,,,,1562181
Alibaba,120,linear_reg,10,985.873291015625,90.65467834472656,895.2186279296875,5.4525980949401855,0.4933474418137207,0.5066525581862793,1.4326415061950684,1.4507715702056885,-55.69903564453125,-5.988021373748779,1562181
Bitbrains,10,naive,1,52.22130584716797,26.126388549804688,26.094919204711914,2.2167677879333496,0.3513137725021618,0.41725788066975866,3.2051970958709717,3.2090625762939453,0.0,0.0,203536
Bitbrains,10,hetero_ensemble,1,65.08407147338278,35.777827376732056,29.306244096650722,2.762785834103192,0.32121098970206746,0.6787890102979326,3.59963889639311,4.394533077285106,-12.86276562621481,-24.631260014560464,203536
Bitbrains,10,homo_ensemble,1,65.08407147338278,35.777827376732056,29.306244096650722,2.762785834103192,0.32121098970206746,0.6787890102979326,3.59963889639311,4.394533077285106,-12.86276562621481,-24.631260014560464,203536
Bitbrains,10,xgboost,1,60.23606872558594,31.544815063476562,28.691253662109375,2.556990623474121,0.2856104079867935,0.7143895920132065,3.5241007804870605,3.8745992183685303,-8.014762878417969,-15.347687721252441,203536
Bitbrains,10,lightgbm,1,52.17506268552301,26.00644945521899,26.168613230304018,2.2148049563856946,0.39268237559940256,0.4220874931216099,3.214248736133168,3.19433042007544,0.04624316164495923,0.08855228894561827,203536
Bitbrains,10,extratrees,1,64.62079490450641,32.704108768494415,31.916686136011993,2.743119978652108,0.3338426617404292,0.6661573382595708,3.920275299702754,4.016993157045241,-12.399489057338442,-23.74411910270314,203536
Bitbrains,10,linear_reg,1,63.320831298828125,33.367122650146484,29.953710556030273,2.687937021255493,0.3020988915965726,0.6979011084034275,3.6791651248931885,4.098430156707764,-11.099525451660156,-21.254783630371094,203536
Bitbrains,10,naive,2,78.31622314453125,26.126388549804688,52.18983840942383,3.324483633041382,0.3513137725021618,0.41725788066975866,3.2051970958709717,3.2090625762939453,0.0,0.0,203536
Bitbrains,10,hetero_ensemble,2,94.3903155700335,35.777827376732056,58.612488193301445,4.006821036696651,0.32121098970206746,0.6787890102979326,3.59963889639311,4.394533077285106,-16.074092425502243,-20.524601136392626,203536
Bitbrains,10,homo_ensemble,2,94.3903155700335,35.777827376732056,58.612488193301445,4.006821036696651,0.32121098970206746,0.6787890102979326,3.59963889639311,4.394533077285106,-16.074092425502243,-20.524601136392626,203536
Bitbrains,10,xgboost,2,88.92732238769531,31.544815063476562,57.38250732421875,3.7749195098876953,0.2856104079867935,0.7143895920132065,3.5241007804870605,3.8745992183685303,-10.611099243164062,-13.549042701721191,203536
Bitbrains,10,lightgbm,2,78.34367591582702,26.00644945521899,52.337226460608036,3.3256493195933174,0.39268237559940256,0.4220874931216099,3.214248736133168,3.19433042007544,-0.027452771295770617,-0.035053747733859685,203536
Bitbrains,10,extratrees,2,96.5374810405184,32.704108768494415,63.833372272023986,4.09796712222938,0.3338426617404292,0.6661573382595708,3.920275299702754,4.016993157045241,-18.22125789598715,-23.266262294544173,203536
Bitbrains,10,linear_reg,2,93.27454376220703,33.367122650146484,59.90742111206055,3.9594569206237793,0.3020988915965726,0.6979011084034275,3.6791651248931885,4.098430156707764,-14.958320617675781,-19.099899291992188,203536
Bitbrains,10,naive,3,104.41114807128906,26.126388549804688,78.28475952148438,4.4322004318237305,0.3513137725021618,0.41725788066975866,3.2051970958709717,3.2090625762939453,0.0,0.0,203536
Bitbrains,10,hetero_ensemble,3,123.69655966668424,35.777827376732056,87.91873228995217,5.25085623929011,0.32121098970206746,0.6787890102979326,3.59963889639311,4.394533077285106,-19.285411595395175,-18.470644132969046,203536
Bitbrains,10,homo_ensemble,3,123.69655966668424,35.777827376732056,87.91873228995217,5.25085623929011,0.32121098970206746,0.6787890102979326,3.59963889639311,4.394533077285106,-19.285411595395175,-18.470644132969046,203536
Bitbrains,10,xgboost,3,117.61856842041016,31.544815063476562,86.0737533569336,4.992847919464111,0.2856104079867935,0.7143895920132065,3.5241007804870605,3.8745992183685303,-13.207420349121094,-12.649435043334961,203536
Bitbrains,10,lightgbm,3,104.51228914613105,26.00644945521899,78.50583969091207,4.436493682800942,0.39268237559940256,0.4220874931216099,3.214248736133168,3.19433042007544,-0.10114107484199053,-0.09686808038250301,203536
Bitbrains,10,extratrees,3,128.4541671765304,32.704108768494415,95.75005840803598,5.452814265806652,0.3338426617404292,0.6661573382595708,3.920275299702754,4.016993157045241,-24.043019105241342,-23.027252883787302,203536
Bitbrains,10,linear_reg,3,123.22825622558594,33.367122650146484,89.86112976074219,5.230976581573486,0.3020988915965726,0.6979011084034275,3.6791651248931885,4.098430156707764,-18.817108154296875,-18.022125244140625,203536
Bitbrains,10,naive,5,156.60098266601562,26.126388549804688,130.47459411621094,6.647631645202637,0.3513137725021618,0.41725788066975866,3.2051970958709717,3.2090625762939453,0.0,0.0,203536
Bitbrains,10,hetero_ensemble,5,182.30904785998567,35.777827376732056,146.5312204832536,7.7389266444770275,0.32121098970206746,0.6787890102979326,3.59963889639311,4.394533077285106,-25.708065193970043,-16.41628600045114,203536
Bitbrains,10,homo_ensemble,5,182.30904785998567,35.777827376732056,146.5312204832536,7.7389266444770275,0.32121098970206746,0.6787890102979326,3.59963889639311,4.394533077285106,-25.708065193970043,-16.41628600045114,203536
Bitbrains,10,xgboost,5,175.00108337402344,31.544815063476562,143.45626831054688,7.428707122802734,0.2856104079867935,0.7143895920132065,3.5241007804870605,3.8745992183685303,-18.400100708007812,-11.74967098236084,203536
Bitbrains,10,lightgbm,5,156.84951560673906,26.00644945521899,130.84306615152008,6.658182409216186,0.39268237559940256,0.4220874931216099,3.214248736133168,3.19433042007544,-0.248532940723436,-0.1587045856879995,203536
Bitbrains,10,extratrees,5,192.28753944855438,32.704108768494415,159.58343068005996,8.162508552961196,0.3338426617404292,0.6661573382595708,3.920275299702754,4.016993157045241,-35.68655678253876,-22.78820743969903,203536
Bitbrains,10,linear_reg,5,183.13568115234375,33.367122650146484,149.7685546875,7.774016380310059,0.3020988915965726,0.6979011084034275,3.6791651248931885,4.098430156707764,-26.534698486328125,-16.94414520263672,203536
Bitbrains,10,naive,10,287.0755615234375,26.126388549804688,260.9491882324219,12.186211585998535,0.3513137725021618,0.41725788066975866,3.2051970958709717,3.2090625762939453,0.0,0.0,203536
Bitbrains,10,hetero_ensemble,10,328.84026834323925,35.777827376732056,293.0624409665072,13.95910265744432,0.32121098970206746,0.6787890102979326,3.59963889639311,4.394533077285106,-41.764706819801745,-14.548332361754163,203536
Bitbrains,10,homo_ensemble,10,328.84026834323925,35.777827376732056,293.0624409665072,13.95910265744432,0.32121098970206746,0.6787890102979326,3.59963889639311,4.394533077285106,-41.764706819801745,-14.548332361754163,203536
Bitbrains,10,xgboost,10,318.45733642578125,31.544815063476562,286.91253662109375,13.518352508544922,0.2856104079867935,0.7143895920132065,3.5241007804870605,3.8745992183685303,-31.38177490234375,-10.931538581848145,203536
Bitbrains,10,lightgbm,10,287.69258175825917,26.00644945521899,261.68613230304015,12.212404225254302,0.39268237559940256,0.4220874931216099,3.214248736133168,3.19433042007544,-0.6170202348216662,-0.21493304116424808,203536
Bitbrains,10,extratrees,10,351.8709701286143,32.704108768494415,319.1668613601199,14.936744270847555,0.3338426617404292,0.6661573382595708,3.920275299702754,4.016993157045241,-64.79540860517682,-22.570854955860383,203536
Bitbrains,10,linear_reg,10,332.90423583984375,33.367122650146484,299.537109375,14.131614685058594,0.3020988915965726,0.6979011084034275,3.6791651248931885,4.098430156707764,-45.82867431640625,-15.963974952697754,203536
Bitbrains,30,naive,1,100.18023681640625,50.0806884765625,50.099544525146484,4.264501571655273,0.3605297386780182,0.43045209097000514,6.170867443084717,6.168545246124268,0.0,0.0,202968
Bitbrains,30,hetero_ensemble,1,118.05007210817082,64.6562707302519,53.39380137791892,5.025189305775275,0.3030428441921879,0.696957155807812,6.576628012533862,7.9638503027881145,-17.869835291764574,-17.837685215811028,202968
Bitbrains,30,homo_ensemble,1,118.05007210817082,64.6562707302519,53.39380137791892,5.025189305775275,0.3030428441921879,0.696957155807812,6.576628012533862,7.9638503027881145,-17.869835291764574,-17.837685215811028,202968
Bitbrains,30,xgboost,1,115.25250244140625,61.077392578125,54.175113677978516,4.906101703643799,0.2931398052895038,0.7068601947104962,6.672863006591797,7.5230302810668945,-15.072265625,-15.045148849487305,202968
Bitbrains,30,lightgbm,1,99.81292890603589,49.19257120096001,50.620357705075875,4.248865366698938,0.4695715580781207,0.4723552481179299,6.235017059964609,6.059153561270742,0.36730791037035715,0.3666470773506937,202968
Bitbrains,30,extratrees,1,116.9325199458404,61.61953797150364,55.312981974336765,4.977617025009169,0.34046746285128693,0.6595325371487131,6.813017566111009,7.589809473846077,-16.752283129434147,-16.72214367004837,202968
Bitbrains,30,linear_reg,1,112.79367065429688,59.2030029296875,53.59067153930664,4.801433563232422,0.2766643017618541,0.7233356982381459,6.600876808166504,7.292158603668213,-12.613433837890625,-12.590741157531738,202968
Bitbrains,30,naive,2,150.27978515625,50.0806884765625,100.19908905029297,6.397152900695801,0.3605297386780182,0.43045209097000514,6.170867443084717,6.168545246124268,0.0,0.0,202968
Bitbrains,30,hetero_ensemble,2,171.44387348608973,64.6562707302519,106.78760275583784,7.298071946906978,0.3030428441921879,0.696957155807812,6.576628012533862,7.9638503027881145,-21.16408832983973,-14.083123893100357,202968
Bitbrains,30,homo_ensemble,2,171.44387348608973,64.6562707302519,106.78760275583784,7.298071946906978,0.3030428441921879,0.696957155807812,6.576628012533862,7.9638503027881145,-21.16408832983973,-14.083123893100357,202968
Bitbrains,30,xgboost,2,169.4276123046875,61.077392578125,108.35022735595703,7.212243556976318,0.2931398052895038,0.7068601947104962,6.672863006591797,7.5230302810668945,-19.1478271484375,-12.74145221710205,202968
Bitbrains,30,lightgbm,2,150.43328661111175,49.19257120096001,101.24071541015175,6.4036872626227055,0.4695715580781207,0.4723552481179299,6.235017059964609,6.059153561270742,-0.15350145486175393,-0.10214378114937699,202968
Bitbrains,30,extratrees,2,172.24550192017716,61.61953797150364,110.62596394867353,7.332195895857135,0.34046746285128693,0.6595325371487131,6.813017566111009,7.589809473846077,-21.965716763927162,-14.61654788838619,202968
Bitbrains,30,linear_reg,2,166.38433837890625,59.2030029296875,107.18134307861328,7.082695960998535,0.2766643017618541,0.7233356982381459,6.600876808166504,7.292158603668213,-16.10455322265625,-10.71638011932373,202968
Bitbrains,30,naive,3,200.3793182373047,50.0806884765625,150.2986297607422,8.529804229736328,0.3605297386780182,0.43045209097000514,6.170867443084717,6.168545246124268,0.0,0.0,202968
Bitbrains,30,hetero_ensemble,3,224.8376748640087,64.6562707302519,160.18140413375679,9.570954588038681,0.3030428441921879,0.696957155807812,6.576628012533862,7.9638503027881145,-24.458356626704017,-12.2060284673384,202968
Bitbrains,30,homo_ensemble,3,224.8376748640087,64.6562707302519,160.18140413375679,9.570954588038681,0.3030428441921879,0.696957155807812,6.576628012533862,7.9638503027881145,-24.458356626704017,-12.2060284673384,202968
Bitbrains,30,xgboost,3,223.60272216796875,61.077392578125,162.52532958984375,9.51838493347168,0.2931398052895038,0.7068601947104962,6.672863006591797,7.5230302810668945,-23.223403930664062,-11.589720726013184,202968
Bitbrains,30,lightgbm,3,201.05364431618764,49.19257120096001,151.86107311522764,8.558509158546478,0.4695715580781207,0.4723552481179299,6.235017059964609,6.059153561270742,-0.6743260788829559,-0.3365247894916814,202968
Bitbrains,30,extratrees,3,227.55848389451393,61.61953797150364,165.9389459230103,9.686774766705097,0.34046746285128693,0.6595325371487131,6.813017566111009,7.589809473846077,-27.17916565720924,-13.563857735568085,202968
Bitbrains,30,linear_reg,3,219.97500610351562,59.2030029296875,160.77200317382812,9.363959312438965,0.2766643017618541,0.7233356982381459,6.600876808166504,7.292158603668213,-19.595687866210938,-9.779296875,202968
Bitbrains,30,naive,5,300.5783996582031,50.0806884765625,250.49771118164062,12.7951078414917,0.3605297386780182,0.43045209097000514,6.170867443084717,6.168545246124268,0.0,0.0,202968
Bitbrains,30,hetero_ensemble,5,331.6252776198465,64.6562707302519,266.9690068895946,14.116719870302084,0.3030428441921879,0.696957155807812,6.576628012533862,7.9638503027881145,-31.04687796164336,-10.329044933683761,202968
Bitbrains,30,homo_ensemble,5,331.6252776198465,64.6562707302519,266.9690068895946,14.116719870302084,0.3030428441921879,0.696957155807812,6.576628012533862,7.9638503027881145,-31.04687796164336,-10.329044933683761,202968
Bitbrains,30,xgboost,5,331.95294189453125,61.077392578125,270.87554931640625,14.130668640136719,0.2931398052895038,0.7068601947104962,6.672863006591797,7.5230302810668945,-31.374542236328125,-10.438055992126465,202968
Bitbrains,30,lightgbm,5,302.2943597263394,49.19257120096001,253.10178852537936,12.868152950394013,0.4695715580781207,0.4723552481179299,6.235017059964609,6.059153561270742,-1.715960068136269,-0.5708860217791896,202968
Bitbrains,30,extratrees,5,338.18444784318746,61.61953797150364,276.5649098716838,14.395932508401026,0.34046746285128693,0.6595325371487131,6.813017566111009,7.589809473846077,-37.60604818498433,-12.511227762123731,202968
Bitbrains,30,linear_reg,5,327.1563415527344,59.2030029296875,267.9533386230469,13.926485061645508,0.2766643017618541,0.7233356982381459,6.600876808166504,7.292158603668213,-26.57794189453125,-8.842266082763672,202968
Bitbrains,30,naive,10,551.0761108398438,50.0806884765625,500.99542236328125,23.4583683013916,0.3605297386780182,0.43045209097000514,6.170867443084717,6.168545246124268,0.0,0.0,202968
Bitbrains,30,hetero_ensemble,10,598.5942845094411,64.6562707302519,533.9380137791892,25.481133075960603,0.3030428441921879,0.696957155807812,6.576628012533862,7.9638503027881145,-47.51817366959733,-8.622796875948643,202968
Bitbrains,30,homo_ensemble,10,598.5942845094411,64.6562707302519,533.9380137791892,25.481133075960603,0.3030428441921879,0.696957155807812,6.576628012533862,7.9638503027881145,-47.51817366959733,-8.622796875948643,202968
Bitbrains,30,xgboost,10,602.8284912109375,61.077392578125,541.7510986328125,25.661375045776367,0.2931398052895038,0.7068601947104962,6.672863006591797,7.5230302810668945,-51.75238037109375,-9.391149520874023,202968
Bitbrains,30,lightgbm,10,555.3961482517187,49.19257120096001,506.2035770507587,23.64226243001286,0.4695715580781207,0.4723552481179299,6.235017059964609,6.059153561270742,-4.320037411874978,-0.7839275422937879,202968
Bitbrains,30,extratrees,10,614.7493577148713,61.61953797150364,553.1298197433676,26.168826862640852,0.34046746285128693,0.6595325371487131,6.813017566111009,7.589809473846077,-63.67324687502753,-11.554347144170169,202968
Bitbrains,30,linear_reg,10,595.1096801757812,59.2030029296875,535.9066772460938,25.33279800415039,0.2766643017618541,0.7233356982381459,6.600876808166504,7.292158603668213,-44.0335693359375,-7.990469455718994,202968
Bitbrains,60,naive,1,146.40887451171875,72.93294525146484,73.47592163085938,6.2586469650268555,0.35788359160086286,0.434557382889034,9.088335037231445,9.021173477172852,0.0,0.0,202116
Bitbrains,60,hetero_ensemble,1,172.97626711537544,95.20586676511054,77.77040035026491,7.394342594731954,0.3377763264659898,0.6622236735340101,9.619525464370078,11.77614176575711,-26.567392603656685,-18.146026115056433,202116
Bitbrains,60,homo_ensemble,1,172.97626711537544,95.20586676511054,77.77040035026491,7.394342594731954,0.3377763264659898,0.6622236735340101,9.619525464370078,11.77614176575711,-26.567392603656685,-18.146026115056433,202116
Bitbrains,60,xgboost,1,160.39051818847656,83.9007797241211,76.48973846435547,6.856330871582031,0.2971264026598587,0.7028735973401413,9.461119651794434,10.377799987792969,-13.981643676757812,-9.549723625183105,202116
Bitbrains,60,lightgbm,1,146.35248587729518,72.81396464794327,73.53852122935193,6.256236408695157,0.3980585406400285,0.44060836351402166,9.096078641640435,9.006457263148794,0.05638863442356978,0.03851449211096583,202116
Bitbrains,60,extratrees,1,175.21520017107568,93.9031639416736,81.31203622940208,7.490051898306388,0.37654614181954915,0.6234538581804508,10.057595171758065,11.615008700656254,-28.80632565935693,-19.67525927333813,202116
Bitbrains,60,linear_reg,1,165.41943359375,87.81055450439453,77.60887145996094,7.071305274963379,0.2965227888935067,0.7034772111064933,9.599544525146484,10.86140251159668,-19.01055908203125,-12.984567642211914,202116
Bitbrains,60,naive,2,219.88479614257812,72.93294525146484,146.95184326171875,9.399575233459473,0.35788359160086286,0.434557382889034,9.088335037231445,9.021173477172852,0.0,0.0,202116
Bitbrains,60,hetero_ensemble,2,250.74666746564037,95.20586676511054,155.54080070052981,10.718850595218255,0.3377763264659898,0.6622236735340101,9.619525464370078,11.77614176575711,-30.861871323062246,-14.035473058833377,202116
Bitbrains,60,homo_ensemble,2,250.74666746564037,95.20586676511054,155.54080070052981,10.718850595218255,0.3377763264659898,0.6622236735340101,9.619525464370078,11.77614176575711,-30.861871323062246,-14.035473058833377,202116
Bitbrains,60,xgboost,2,236.8802490234375,83.9007797241211,152.97947692871094,10.126092910766602,0.2971264026598587,0.7028735973401413,9.461119651794434,10.377799987792969,-16.995452880859375,-7.72925329208374,202116
Bitbrains,60,lightgbm,2,219.89100710664712,72.81396464794327,147.07704245870386,9.399841187246091,0.3980585406400285,0.44060836351402166,9.096078641640435,9.006457263148794,-0.006210964068998237,-0.0028246446220733298,202116
Bitbrains,60,extratrees,2,256.52723640047776,93.9031639416736,162.62407245880416,10.965956789665974,0.37654614181954915,0.6234538581804508,10.057595171758065,11.615008700656254,-36.642440257899636,-16.664381030755703,202116
Bitbrains,60,linear_reg,2,243.02828979492188,87.81055450439453,155.21774291992188,10.388907432556152,0.2965227888935067,0.7034772111064933,9.599544525146484,10.86140251159668,-23.14349365234375,-10.52528190612793,202116
Bitbrains,60,naive,3,293.3607177734375,72.93294525146484,220.42776489257812,12.540504455566406,0.35788359160086286,0.434557382889034,9.088335037231445,9.021173477172852,0.0,0.0,202116
Bitbrains,60,hetero_ensemble,3,328.5170678159053,95.20586676511054,233.31120105079475,14.043358595704555,0.3377763264659898,0.6622236735340101,9.619525464370078,11.77614176575711,-35.15635004246781,-11.9840005537548,202116
Bitbrains,60,homo_ensemble,3,328.5170678159053,95.20586676511054,233.31120105079475,14.043358595704555,0.3377763264659898,0.6622236735340101,9.619525464370078,11.77614176575711,-35.15635004246781,-11.9840005537548,202116
Bitbrains,60,xgboost,3,313.3699951171875,83.9007797241211,229.46920776367188,13.395855903625488,0.2971264026598587,0.7028735973401413,9.461119651794434,10.377799987792969,-20.00927734375,-6.82070779800415,202116
Bitbrains,60,lightgbm,3,293.42952833599907,72.81396464794327,220.61556368805583,12.543445965797025,0.3980585406400285,0.44060836351402166,9.096078641640435,9.006457263148794,-0.06881056256156626,-0.023455956572450393,202116
Bitbrains,60,extratrees,3,337.8392726298799,93.9031639416736,243.93610868820628,14.441861681025559,0.37654614181954915,0.6234538581804508,10.057595171758065,11.615008700656254,-44.47855485644237,-15.161728262061713,202116
Bitbrains,60,linear_reg,3,320.63714599609375,87.81055450439453,232.82659912109375,13.706509590148926,0.2965227888935067,0.7034772111064933,9.599544525146484,10.86140251159668,-27.27642822265625,-9.297914505004883,202116
Bitbrains,60,naive,5,440.31256103515625,72.93294525146484,367.3796081542969,18.822362899780273,0.35788359160086286,0.434557382889034,9.088335037231445,9.021173477172852,0.0,0.0,202116
Bitbrains,60,hetero_ensemble,5,484.05786851643506,95.20586676511054,388.8520017513245,20.69237459667715,0.3377763264659898,0.6622236735340101,9.619525464370078,11.77614176575711,-43.745307481278815,-9.935057809487752,202116
Bitbrains,60,homo_ensemble,5,484.05786851643506,95.20586676511054,388.8520017513245,20.69237459667715,0.3377763264659898,0.6622236735340101,9.619525464370078,11.77614176575711,-43.745307481278815,-9.935057809487752,202116
Bitbrains,60,xgboost,5,466.3494873046875,83.9007797241211,382.4486999511719,19.935382843017578,0.2971264026598587,0.7028735973401413,9.461119651794434,10.377799987792969,-26.03692626953125,-5.913282871246338,202116
Bitbrains,60,lightgbm,5,440.50657079470295,72.81396464794327,367.69260614675966,18.830655522898898,0.3980585406400285,0.44060836351402166,9.096078641640435,9.006457263148794,-0.1940097595467023,-0.04406182714628752,202116
Bitbrains,60,extratrees,5,500.463345088684,93.9031639416736,406.5601811470104,21.393671463744727,0.37654614181954915,0.6234538581804508,10.057595171758065,11.615008700656254,-60.15078405352773,-13.660928480467552,202116
Bitbrains,60,linear_reg,5,475.8548889160156,87.81055450439453,388.0443420410156,20.341716766357422,0.2965227888935067,0.7034772111064933,9.599544525146484,10.86140251159668,-35.542327880859375,-8.072068214416504,202116
Bitbrains,60,naive,10,807.692138671875,72.93294525146484,734.7592163085938,34.52700424194336,0.35788359160086286,0.434557382889034,9.088335037231445,9.021173477172852,0.0,0.0,202116
Bitbrains,60,hetero_ensemble,10,872.9098702677595,95.20586676511054,777.704003502649,37.31491459910864,0.3377763264659898,0.6622236735340101,9.619525464370078,11.77614176575711,-65.21773159588452,-8.074577982537381,202116
Bitbrains,60,homo_ensemble,10,872.9098702677595,95.20586676511054,777.704003502649,37.31491459910864,0.3377763264659898,0.6622236735340101,9.619525464370078,11.77614176575711,-65.21773159588452,-8.074577982537381,202116
Bitbrains,60,xgboost,10,848.7981567382812,83.9007797241211,764.8973999023438,36.28419494628906,0.2971264026598587,0.7028735973401413,9.461119651794434,10.377799987792969,-41.10601806640625,-5.089317321777344,202116
Bitbrains,60,lightgbm,10,808.1991769414626,72.81396464794327,735.3852122935193,34.54867941565357,0.3980585406400285,0.44060836351402166,9.096078641640435,9.006457263148794,-0.5070382695876106,-0.0627761798476034,202116
Bitbrains,60,extratrees,10,907.0235262356944,93.9031639416736,813.1203622940208,38.773195920542655,0.37654614181954915,0.6234538581804508,10.057595171758065,11.615008700656254,-99.33138756381936,-12.298174367173425,202116
Bitbrains,60,linear_reg,10,863.8992309570312,87.81055450439453,776.0886840820312,36.92972946166992,0.2965227888935067,0.7034772111064933,9.599544525146484,10.86140251159668,-56.20709228515625,-6.958974361419678,202116
Bitbrains,120,naive,1,163.5279083251953,80.46739959716797,83.06050872802734,7.049882411956787,0.38726722950721515,0.4235624613296609,10.361218452453613,10.03774642944336,0.0,0.0,200412
Bitbrains,120,hetero_ensemble,1,205.43112943174066,117.66514896382397,87.76598046791668,8.856380647317723,0.36273776021395926,0.6372622397860408,10.948194278276333,14.677907131786512,-41.903221106545345,-25.624507483588456,200412
Bitbrains,120,homo_ensemble,1,205.43112943174066,117.66514896382397,87.76598046791668,8.856380647317723,0.36273776021395926,0.6372622397860408,10.948194278276333,14.677907131786512,-41.903221106545345,-25.624507483588456,200412
Bitbrains,120,xgboost,1,187.27859497070312,102.79164123535156,84.48695373535156,8.073802947998047,0.3069925952537772,0.6930074047462228,10.53915786743164,12.822538375854492,-23.750686645507812,-14.523934364318848,200412
Bitbrains,120,lightgbm,1,163.7292204859536,80.57939170882518,83.14982877712839,7.058561687916088,0.4248897271620462,0.4340458655170349,10.372361532384335,10.051717425706192,-0.20131216075827751,-0.12310569053322909,200412
Bitbrains,120,extratrees,1,207.5675960337416,111.75368488105353,95.81391115268808,8.948486266947725,0.4189170309163124,0.5810829690836876,11.952117531970151,13.940493194151736,-44.039687708546296,-26.93099187752587,200412
Bitbrains,120,linear_reg,1,190.98402404785156,102.4216079711914,88.56241607666016,8.233548164367676,0.32409735943955453,0.6759026405604455,11.0475435256958,12.776383399963379,-27.45611572265625,-16.789865493774414,200412
Bitbrains,120,naive,2,246.58840942382812,80.46739959716797,166.1210174560547,10.630720138549805,0.38726722950721515,0.4235624613296609,10.361218452453613,10.03774642944336,0.0,0.0,200412
Bitbrains,120,hetero_ensemble,2,293.19710989965733,117.66514896382397,175.53196093583335,12.640076589890024,0.36273776021395926,0.6372622397860408,10.948194278276333,14.677907131786512,-46.60870047582921,-18.901415757834624,200412
Bitbrains,120,homo_ensemble,2,293.19710989965733,117.66514896382397,175.53196093583335,12.640076589890024,0.36273776021395926,0.6372622397860408,10.948194278276333,14.677907131786512,-46.60870047582921,-18.901415757834624,200412
Bitbrains,120,xgboost,2,271.76556396484375,102.79164123535156,168.97390747070312,11.716137886047363,0.3069925952537772,0.6930074047462228,10.53915786743164,12.822538375854492,-25.177154541015625,-10.210193634033203,200412
Bitbrains,120,lightgbm,2,246.87904926308198,80.57939170882518,166.29965755425678,10.643249833508115,0.4248897271620462,0.4340458655170349,10.372361532384335,10.051717425706192,-0.2906398392538563,-0.11786435539811362,200412
Bitbrains,120,extratrees,2,303.3815071864297,111.75368488105353,191.62782230537616,13.07913808599661,0.4189170309163124,0.5810829690836876,11.952117531970151,13.940493194151736,-56.793097762601576,-23.031535786820964,200412
Bitbrains,120,linear_reg,2,279.54644775390625,102.4216079711914,177.1248321533203,12.051580429077148,0.32409735943955453,0.6759026405604455,11.0475435256958,12.776383399963379,-32.958038330078125,-13.365606307983398,200412
Bitbrains,120,naive,3,329.64892578125,80.46739959716797,249.1815185546875,14.21155834197998,0.38726722950721515,0.4235624613296609,10.361218452453613,10.03774642944336,0.0,0.0,200412
Bitbrains,120,hetero_ensemble,3,380.96309036757407,117.66514896382397,263.2979414037501,16.423772532462326,0.36273776021395926,0.6372622397860408,10.948194278276333,14.677907131786512,-51.31416458632407,-15.56630723570911,200412
Bitbrains,120,homo_ensemble,3,380.96309036757407,117.66514896382397,263.2979414037501,16.423772532462326,0.36273776021395926,0.6372622397860408,10.948194278276333,14.677907131786512,-51.31416458632407,-15.56630723570911,200412
Bitbrains,120,xgboost,3,356.2524719238281,102.79164123535156,253.46083068847656,15.358468055725098,0.3069925952537772,0.6930074047462228,10.53915786743164,12.822538375854492,-26.603546142578125,-8.070265769958496,200412
Bitbrains,120,lightgbm,3,330.0288780402104,80.57939170882518,249.4494863313852,14.227937979100142,0.4248897271620462,0.4340458655170349,10.372361532384335,10.051717425706192,-0.37995225896037255,-0.11525966846696266,200412
Bitbrains,120,extratrees,3,399.1954183391178,111.75368488105353,287.4417334580643,17.209789905045497,0.4189170309163124,0.5810829690836876,11.952117531970151,13.940493194151736,-69.5464925578678,-21.097139143725826,200412
Bitbrains,120,linear_reg,3,368.10882568359375,102.4216079711914,265.6872253417969,15.869609832763672,0.32409735943955453,0.6759026405604455,11.0475435256958,12.776383399963379,-38.45989990234375,-11.666927337646484,200412
Bitbrains,120,naive,5,495.7699279785156,80.46739959716797,415.3025207519531,21.373231887817383,0.38726722950721515,0.4235624613296609,10.361218452453613,10.03774642944336,0.0,0.0,200412
Bitbrains,120,hetero_ensemble,5,556.4950513034073,117.66514896382397,438.8299023395834,23.991164417606925,0.36273776021395926,0.6372622397860408,10.948194278276333,14.677907131786512,-60.72512332489168,-12.248650008381151,200412
Bitbrains,120,homo_ensemble,5,556.4950513034073,117.66514896382397,438.8299023395834,23.991164417606925,0.36273776021395926,0.6372622397860408,10.948194278276333,14.677907131786512,-60.72512332489168,-12.248650008381151,200412
Bitbrains,120,xgboost,5,525.2263793945312,102.79164123535156,422.4347229003906,22.64313316345215,0.3069925952537772,0.6930074047462228,10.53915786743164,12.822538375854492,-29.456451416015625,-5.941556453704834,200412
Bitbrains,120,lightgbm,5,496.32853559446716,80.57939170882518,415.74914388564196,21.397314270284195,0.4248897271620462,0.4340458655170349,10.372361532384335,10.051717425706192,-0.5586076159515301,-0.11267476795723227,200412
Bitbrains,120,extratrees,5,590.8232406444939,111.75368488105353,479.0695557634404,25.47109354314326,0.4189170309163124,0.5810829690836876,11.952117531970151,13.940493194151736,-95.0533126659783,-19.172867756129307,200412
Bitbrains,120,linear_reg,5,545.2337036132812,102.4216079711914,442.81207275390625,23.505674362182617,0.32409735943955453,0.6759026405604455,11.0475435256958,12.776383399963379,-49.463775634765625,-9.977163314819336,200412
Bitbrains,120,naive,10,911.0724487304688,80.46739959716797,830.6050415039062,39.27741622924805,0.38726722950721515,0.4235624613296609,10.361218452453613,10.03774642944336,0.0,0.0,200412
Bitbrains,120,hetero_ensemble,10,995.3249536429907,117.66514896382397,877.6598046791668,42.909644130468436,0.36273776021395926,0.6372622397860408,10.948194278276333,14.677907131786512,-84.252504912522,-9.24761856534279,200412
Bitbrains,120,homo_ensemble,10,995.3249536429907,117.66514896382397,877.6598046791668,42.909644130468436,0.36273776021395926,0.6372622397860408,10.948194278276333,14.677907131786512,-84.252504912522,-9.24761856534279,200412
Bitbrains,120,xgboost,10,947.6610717773438,102.79164123535156,844.8694458007812,40.85479736328125,0.3069925952537772,0.6930074047462228,10.53915786743164,12.822538375854492,-36.588623046875,-4.015995025634766,200412
Bitbrains,120,lightgbm,10,912.077679480109,80.57939170882518,831.4982877712839,39.32075499824433,0.4248897271620462,0.4340458655170349,10.372361532384335,10.051717425706192,-1.0052307496403046,-0.11033488621470668,200412
Bitbrains,120,extratrees,10,1069.8927964079344,111.75368488105353,958.1391115268808,46.124352638387684,0.4189170309163124,0.5810829690836876,11.952117531970151,13.940493194151736,-158.82034767746563,-17.4322412996654,200412
Bitbrains,120,linear_reg,10,988.0457763671875,102.4216079711914,885.6241455078125,42.59583282470703,0.32409735943955453,0.6759026405604455,11.0475435256958,12.776383399963379,-76.97332763671875,-8.448651313781738,200412
ByteDance,10,naive,1,16.63473129272461,8.315278053283691,8.319454193115234,1.1182490587234497,0.4822370570935064,0.4824082286852466,1.6182433366775513,1.6174310445785522,0.0,0.0,64263
ByteDance,10,hetero_ensemble,1,14.120159351934962,7.043357409790249,7.076801942144712,0.9492100960172889,0.4957284907333925,0.5042715092666076,1.3765311964397695,1.3700257943509966,2.514571940789647,15.11639651125248,64263
ByteDance,10,homo_ensemble,1,14.11748332576395,7.02696243789753,7.090520887866418,0.949030203496573,0.4966932760686554,0.5033067239313447,1.3791997120945214,1.3668367563562096,2.51724796696066,15.132483492905036,64263
ByteDance,10,xgboost,1,10.82551383972168,5.437079429626465,5.388434886932373,0.7277317047119141,0.5001789521186375,0.4998210478813625,1.048121452331543,1.0575834512710571,5.80921745300293,34.92222213745117,64263
ByteDance,10,lightgbm,1,14.311221386144592,6.97726721712941,7.333954169015181,0.9620540028966066,0.5016728132829155,0.4983271867170845,1.4265506918863073,1.3571703813098928,2.3235099065800178,13.967823499476852,64263
ByteDance,10,extratrees,1,11.15324606097958,5.564554745218857,5.588691315760723,0.7497630515760513,0.4917759830695735,0.5076482579400277,1.0870740775719938,1.0823791966642657,5.4814852317450296,32.9520515557857,64263
ByteDance,10,bilstm,1,,,,,0.48771454802919256,0.5121142803790673,,,,,64263
ByteDance,10,linear_reg,1,17.318660736083984,8.588350296020508,8.730310440063477,1.1642253398895264,0.4775064967399592,0.5224935032600407,1.6981602907180786,1.6705470085144043,-0.683929443359375,-4.111454486846924,64263
ByteDance,10,naive,2,24.954185485839844,8.315278053283691,16.63890838623047,1.6775140762329102,0.4822370570935064,0.4824082286852466,1.6182433366775513,1.6174310445785522,0.0,0.0,64263
ByteDance,10,hetero_ensemble,2,21.196961294079674,7.043357409790249,14.153603884289424,1.4249392775068734,0.4957284907333925,0.5042715092666076,1.3765311964397695,1.3700257943509966,3.7572241917601694,15.056488996173375,64263
ByteDance,10,homo_ensemble,2,21.208004213630367,7.02696243789753,14.181041775732837,1.4256816239964394,0.4966932760686554,0.5033067239313447,1.3791997120945214,1.3668367563562096,3.7461812722094763,15.012236221195167,64263
ByteDance,10,xgboost,2,16.21394920349121,5.437079429626465,10.776869773864746,1.0899624824523926,0.5001789521186375,0.4998210478813625,1.048121452331543,1.0575834512710571,8.740236282348633,35.02513122558594,64263
ByteDance,10,lightgbm,2,21.64517555515977,6.97726721712941,14.667908338030362,1.4550699220125143,0.5016728132829155,0.4983271867170845,1.4265506918863073,1.3571703813098928,3.309009930680073,13.260340364776715,64263
ByteDance,10,extratrees,2,16.741937376740303,5.564554745218857,11.177382631521446,1.1254558527849323,0.4917759830695735,0.5076482579400277,1.0870740775719938,1.0823791966642657,8.21224810909954,32.90930138256586,64263
ByteDance,10,bilstm,2,,,,,0.48771454802919256,0.5121142803790673,,,,,64263
ByteDance,10,linear_reg,2,26.04897117614746,8.588350296020508,17.460620880126953,1.7511096000671387,0.4775064967399592,0.5224935032600407,1.6981602907180786,1.6705470085144043,-1.0947856903076172,-4.387182712554932,64263
ByteDance,10,naive,3,33.27363967895508,8.315278053283691,24.95836067199707,2.236778974533081,0.4822370570935064,0.4824082286852466,1.6182433366775513,1.6174310445785522,0.0,0.0,64263
ByteDance,10,hetero_ensemble,3,28.27376323622439,7.043357409790249,21.23040582643414,1.9006684589964578,0.4957284907333925,0.5042715092666076,1.3765311964397695,1.3700257943509966,4.999876442730688,15.026538998957218,64263
ByteDance,10,homo_ensemble,3,28.298525101496786,7.02696243789753,21.271562663599255,1.9023330444963058,0.4966932760686554,0.5033067239313447,1.3791997120945214,1.3668367563562096,4.975114577458292,14.952120133118333,64263
ByteDance,10,xgboost,3,21.60238265991211,5.437079429626465,16.16530418395996,1.452193260192871,0.5001789521186375,0.4998210478813625,1.048121452331543,1.0575834512710571,11.671257019042969,35.07658767700195,64263
ByteDance,10,lightgbm,3,28.979129724174953,6.97726721712941,22.001862507045544,1.948085841128422,0.5016728132829155,0.4983271867170845,1.4265506918863073,1.3571703813098928,4.294509954780125,12.906643205300796,64263
ByteDance,10,extratrees,3,22.33062869250103,5.564554745218857,16.766073947282173,1.501148653993814,0.4917759830695735,0.5076482579400277,1.0870740775719938,1.0823791966642657,10.943010986454048,32.88792897933342,64263
ByteDance,10,bilstm,3,,,,,0.48771454802919256,0.5121142803790673,,,,,64263
ByteDance,10,linear_reg,3,34.77928161621094,8.588350296020508,26.19093132019043,2.337993860244751,0.4775064967399592,0.5224935032600407,1.6981602907180786,1.6705470085144043,-1.5056419372558594,-4.525029182434082,64263
ByteDance,10,naive,5,49.91254806518555,8.315278053283691,41.59727096557617,3.355308771133423,0.4822370570935064,0.4824082286852466,1.6182433366775513,1.6174310445785522,0.0,0.0,64263
ByteDance,10,hetero_ensemble,5,42.42736712051381,7.043357409790249,35.38400971072356,2.852126821975626,0.4957284907333925,0.5042715092666076,1.3765311964397695,1.3700257943509966,7.48518094467174,14.99659150820377,64263
ByteDance,10,homo_ensemble,5,42.47956687722962,7.02696243789753,35.45260443933209,2.855635885496039,0.4966932760686554,0.5033067239313447,1.3791997120945214,1.3668367563562096,7.432981187955924,14.892009076051352,64263
ByteDance,10,xgboost,5,32.37925338745117,5.437079429626465,26.942174911499023,2.176654815673828,0.5001789521186375,0.4998210478813625,1.048121452331543,1.0575834512710571,17.533294677734375,35.128028869628906,64263
ByteDance,10,lightgbm,5,43.64703806220531,6.97726721712941,36.6697708450759,2.934117679360237,0.5016728132829155,0.4983271867170845,1.4265506918863073,1.3571703813098928,6.2655100029802355,12.552975646119108,64263
ByteDance,10,extratrees,5,33.508011324022476,5.564554745218857,27.943456578803616,2.252534256411576,0.4917759830695735,0.5076482579400277,1.0870740775719938,1.0823791966642657,16.40453674116307,32.86655836471988,64263
ByteDance,10,bilstm,5,,,,,0.48771454802919256,0.5121142803790673,,,,,64263
ByteDance,10,linear_reg,5,52.239898681640625,8.588350296020508,43.65155029296875,3.5117619037628174,0.4775064967399592,0.5224935032600407,1.6981602907180786,1.6705470085144043,-2.327350616455078,-4.662856578826904,64263
ByteDance,10,naive,10,91.50981903076172,8.315278053283691,83.19454193115234,6.1516337394714355,0.4822370570935064,0.4824082286852466,1.6182433366775513,1.6174310445785522,0.0,0.0,64263
ByteDance,10,hetero_ensemble,10,77.81137683123737,7.043357409790249,70.76801942144712,5.230772729423546,0.4957284907333925,0.5042715092666076,1.3765311964397695,1.3700257943509966,13.69844219952435,14.969368691374548,64263
ByteDance,10,homo_ensemble,10,77.9321713165617,7.02696243789753,70.90520887866418,5.238892987995372,0.4966932760686554,0.5033067239313447,1.3791997120945214,1.3668367563562096,13.577647714200012,14.837367025756857,64263
ByteDance,10,xgboost,10,59.32143020629883,5.437079429626465,53.88434982299805,3.987809181213379,0.5001789521186375,0.4998210478813625,1.048121452331543,1.0575834512710571,32.18838882446289,35.1747932434082,64263
ByteDance,10,lightgbm,10,80.31680890728121,6.97726721712941,73.3395416901518,5.399197274939776,0.5016728132829155,0.4983271867170845,1.4265506918863073,1.3571703813098928,11.193010123480505,12.231485366305762,64263
ByteDance,10,extratrees,10,61.45146790282609,5.564554745218857,55.88691315760723,4.130998262455981,0.4917759830695735,0.5076482579400277,1.0870740775719938,1.0823791966642657,30.05835112793563,32.84713208517142,64263
ByteDance,10,bilstm,10,,,,,0.48771454802919256,0.5121142803790673,,,,,64263
ByteDance,10,linear_reg,10,95.89144897460938,8.588350296020508,87.3031005859375,6.446183204650879,0.4775064967399592,0.5224935032600407,1.6981602907180786,1.6705470085144043,-4.381629943847656,-4.788152694702148,64263
ByteDance,30,naive,1,17.19952392578125,8.569619178771973,8.629904747009277,1.1595728397369385,0.4818109462053467,0.4838865739656975,1.6835029125213623,1.6717424392700195,0.0,0.0,64077
ByteDance,30,hetero_ensemble,1,16.24809164066329,8.0079007655196,8.24019087514369,1.0954282486331355,0.4916584733991916,0.5083415266008084,1.607478282992277,1.5621636401360082,0.95143228511796,5.531736164463304,64077
ByteDance,30,homo_ensemble,1,16.019991705887954,7.8984432788352725,8.121548427052682,1.0800500049851889,0.49223590367838693,0.507764096321613,1.5843337755849762,1.5408109147656865,1.1795322198932965,6.857935283459998,64077
ByteDance,30,xgboost,1,14.487593650817871,7.204257011413574,7.283336639404297,0.976737380027771,0.49808823758915055,0.5019117624108494,1.4208171367645264,1.405390739440918,2.711930274963379,15.767472267150879,64077
ByteDance,30,lightgbm,1,15.038922228730094,7.596457079929406,7.442465148800688,1.0139073931069496,0.4996956786366403,0.5003043213633597,1.451859705666754,1.4819001123510394,2.160601697051156,12.561985473403245,64077
ByteDance,30,extratrees,1,13.477202955464001,6.728350893843665,6.748852061620337,0.908618018440384,0.486243113753765,0.513741280022473,1.3165511926315872,1.3125518699852647,3.7223209703172486,21.642000013370545,64077
ByteDance,30,bilstm,1,,,,,0.49409304430606926,0.5057352872325483,,,,,64077
ByteDance,30,linear_reg,1,18.742507934570312,9.02548885345459,9.717019081115723,1.263598918914795,0.5196404326045226,0.4803595673954773,1.8955745697021484,1.760672688484192,-1.5429840087890625,-8.971085548400879,64077
ByteDance,30,naive,2,25.829429626464844,8.569619178771973,17.259809494018555,1.7413913011550903,0.4818109462053467,0.4838865739656975,1.6835029125213623,1.6717424392700195,0.0,0.0,64077
ByteDance,30,hetero_ensemble,2,24.48828251580698,8.0079007655196,16.48038175028738,1.6509727432352663,0.4916584733991916,0.5083415266008084,1.607478282992277,1.5621636401360082,1.3411471106578645,5.1923218207022455,64077
ByteDance,30,homo_ensemble,2,24.141540132940637,7.8984432788352725,16.243096854105364,1.6275957578273568,0.49223590367838693,0.507764096321613,1.5843337755849762,1.5408109147656865,1.6878894935242066,6.534753256009937,64077
ByteDance,30,xgboost,2,21.770931243896484,7.204257011413574,14.566673278808594,1.4677720069885254,0.49808823758915055,0.5019117624108494,1.4208171367645264,1.405390739440918,4.058498382568359,15.712691307067871,64077
ByteDance,30,lightgbm,2,22.48138737753078,7.596457079929406,14.884930297601375,1.5156701073853796,0.4996956786366403,0.5003043213633597,1.451859705666754,1.4819001123510394,3.348042248934064,12.96212226654691,64077
ByteDance,30,extratrees,2,20.226055017084338,6.728350893843665,13.497704123240673,1.3636181106138605,0.486243113753765,0.513741280022473,1.3165511926315872,1.3125518699852647,5.603374609380506,21.693760529807772,64077
ByteDance,30,bilstm,2,,,,,0.49409304430606926,0.5057352872325483,,,,,64077
ByteDance,30,linear_reg,2,28.45952606201172,9.02548885345459,19.434038162231445,1.9187095165252686,0.5196404326045226,0.4803595673954773,1.8955745697021484,1.760672688484192,-2.630096435546875,-10.182557106018066,64077
ByteDance,30,naive,3,34.45933151245117,8.569619178771973,25.889711380004883,2.323209762573242,0.4818109462053467,0.4838865739656975,1.6835029125213623,1.6717424392700195,0.0,0.0,64077
ByteDance,30,hetero_ensemble,3,32.72847339095067,8.0079007655196,24.72057262543107,2.206517237837397,0.4916584733991916,0.5083415266008084,1.607478282992277,1.5621636401360082,1.7308581215005034,5.022901041696335,64077
ByteDance,30,homo_ensemble,3,32.26308855999332,7.8984432788352725,24.364645281158047,2.175141510669525,0.49223590367838693,0.507764096321613,1.5843337755849762,1.5408109147656865,2.196242952457851,6.373434585242269,64077
ByteDance,30,xgboost,3,29.054264068603516,7.204257011413574,21.850008010864258,1.958806037902832,0.49808823758915055,0.5019117624108494,1.4208171367645264,1.405390739440918,5.405067443847656,15.685351371765137,64077
ByteDance,30,lightgbm,3,29.923852526331473,7.596457079929406,22.327395446402065,2.01743282166381,0.4996956786366403,0.5003043213633597,1.451859705666754,1.4819001123510394,4.535478986119699,13.161831025308476,64077
ByteDance,30,extratrees,3,26.97490707870468,6.728350893843665,20.246556184861014,1.8186182027873372,0.486243113753765,0.513741280022473,1.3165511926315872,1.3125518699852647,7.484424433746494,21.719586844109703,64077
ByteDance,30,bilstm,3,,,,,0.49409304430606926,0.5057352872325483,,,,,64077
ByteDance,30,linear_reg,3,38.176544189453125,9.02548885345459,29.15105628967285,2.573820114135742,0.5196404326045226,0.4803595673954773,1.8955745697021484,1.760672688484192,-3.717212677001953,-10.78724479675293,64077
ByteDance,30,naive,5,51.719139099121094,8.569619178771973,43.14952087402344,3.486846923828125,0.4818109462053467,0.4838865739656975,1.6835029125213623,1.6717424392700195,0.0,0.0,64077
ByteDance,30,hetero_ensemble,5,49.20885514123805,8.0079007655196,41.200954375718446,3.317606227041659,0.4916584733991916,0.5083415266008084,1.607478282992277,1.5621636401360082,2.510283957883047,4.8536847318205,64077
ByteDance,30,homo_ensemble,5,48.50618541409868,7.8984432788352725,40.60774213526341,3.2702330163538607,0.49223590367838693,0.507764096321613,1.5843337755849762,1.5408109147656865,3.2129536850224127,6.212310840798611,64077
ByteDance,30,xgboost,5,43.620941162109375,7.204257011413574,36.416683197021484,2.940875291824341,0.49808823758915055,0.5019117624108494,1.4208171367645264,1.405390739440918,8.098197937011719,15.658029556274414,64077
ByteDance,30,lightgbm,5,44.808782823932845,7.596457079929406,37.21232574400344,3.02095825022067,0.4996956786366403,0.5003043213633597,1.451859705666754,1.4819001123510394,6.910356275188249,13.361313423922947,64077
ByteDance,30,extratrees,5,40.47261120194534,6.728350893843665,33.74426030810168,2.728618387134289,0.486243113753765,0.513741280022473,1.3165511926315872,1.3125518699852647,11.246527897175753,21.7453888310505,64077
ByteDance,30,bilstm,5,,,,,0.49409304430606926,0.5057352872325483,,,,,64077
ByteDance,30,linear_reg,5,57.6105842590332,9.02548885345459,48.5850944519043,3.8840415477752686,0.5196404326045226,0.4803595673954773,1.8955745697021484,1.760672688484192,-5.891445159912109,-11.391228675842285,64077
ByteDance,30,naive,10,94.86865997314453,8.569619178771973,86.29904174804688,6.395939350128174,0.4818109462053467,0.4838865739656975,1.6835029125213623,1.6717424392700195,0.0,0.0,64077
ByteDance,30,hetero_ensemble,10,90.4098095169565,8.0079007655196,82.40190875143689,6.095328700052313,0.4916584733991916,0.5083415266008084,1.607478282992277,1.5621636401360082,4.458850456188031,4.700024705155786,64077
ByteDance,30,homo_ensemble,10,89.11392754936209,7.8984432788352725,81.21548427052682,6.0079617805647,0.49223590367838693,0.507764096321613,1.5843337755849762,1.5408109147656865,5.754732423782443,6.065999483297746,64077
ByteDance,30,xgboost,10,80.0376205444336,7.204257011413574,72.83336639404297,5.396047592163086,0.49808823758915055,0.5019117624108494,1.4208171367645264,1.405390739440918,14.831039428710938,15.633234024047852,64077
ByteDance,30,lightgbm,10,82.02110856793628,7.596457079929406,74.42465148800687,5.529771821612821,0.4996956786366403,0.5003043213633597,1.451859705666754,1.4819001123510394,12.84755140520825,13.542461133998458,64077
ByteDance,30,extratrees,10,74.21687151004703,6.728350893843665,67.48852061620336,5.003618848001672,0.486243113753765,0.513741280022473,1.3165511926315872,1.3125518699852647,20.651788463097503,21.768820671593364,64077
ByteDance,30,bilstm,10,,,,,0.49409304430606926,0.5057352872325483,,,,,64077
ByteDance,30,linear_reg,10,106.1956787109375,9.02548885345459,97.1701889038086,7.159594535827637,0.5196404326045226,0.4803595673954773,1.8955745697021484,1.760672688484192,-11.327018737792969,-11.939684867858887,64077
ByteDance,60,naive,1,18.196327209472656,9.025737762451172,9.170589447021484,1.2321410179138184,0.4868647919997492,0.4829775228063576,1.7968018054962158,1.768420934677124,0.0,0.0,63798
ByteDance,60,hetero_ensemble,1,17.43073355965305,8.44614058183624,8.984592977816812,1.1802998366359632,0.5131352080002508,0.4868647919997492,1.7603594504954725,1.6548599842150693,0.765593649819607,4.207407577398661,63798
ByteDance,60,homo_ensemble,1,17.413576132283943,8.418482694473033,8.99509343781091,1.1791380433785799,0.511254271293771,0.488745728706229,1.7624168151452453,1.6494409492603674,0.7827510771887134,4.301698184352436,63798
ByteDance,60,xgboost,1,16.21027946472168,7.986956596374512,8.223322868347168,1.0976582765579224,0.4898899652026709,0.5101100347973291,1.6112031936645508,1.5648915767669678,1.9860477447509766,10.914552688598633,63798
ByteDance,60,lightgbm,1,18.27098861335469,8.983128038285152,9.287860575069539,1.2371966332752165,0.5062070911313834,0.4902818270165209,1.8197789458661593,1.760072423564444,-0.07466140388203257,-0.41031029516311013,63798
ByteDance,60,extratrees,1,14.54537385879388,7.290406672857255,7.254967185936625,0.984921393617191,0.4926956957898367,0.5056898335371015,1.4214723004515473,1.4284159912648622,3.650953350678776,20.064232241208327,63798
ByteDance,60,bilstm,1,,,,,0.45523370638578015,0.544593874416126,,,,,63798
ByteDance,60,linear_reg,1,18.05851173400879,9.318090438842773,8.740421295166016,1.222809076309204,0.47559484623342424,0.5244051537665757,1.7125186920166016,1.8257015943527222,0.1378154754638672,0.7573807239532471,63798
ByteDance,60,naive,2,27.36691665649414,9.025737762451172,18.34117889404297,1.8531157970428467,0.4868647919997492,0.4829775228063576,1.7968018054962158,1.768420934677124,0.0,0.0,63798
ByteDance,60,hetero_ensemble,2,26.415326537469863,8.44614058183624,17.969185955633623,1.7886800627271986,0.5131352080002508,0.4868647919997492,1.7603594504954725,1.6548599842150693,0.9515901190242779,3.4771550298066427,63798
ByteDance,60,homo_ensemble,2,26.40866957009485,8.418482694473033,17.99018687562182,1.7882292946927765,0.511254271293771,0.488745728706229,1.7624168151452453,1.6494409492603674,0.9582470863992896,3.5014799015434517,63798
ByteDance,60,xgboost,2,24.43360137939453,7.986956596374512,16.446645736694336,1.6544901132583618,0.4898899652026709,0.5101100347973291,1.6112031936645508,1.5648915767669678,2.9333152770996094,10.718472480773926,63798
ByteDance,60,lightgbm,2,27.55884918842423,8.983128038285152,18.575721150139078,1.8661122369665613,0.5062070911313834,0.4902818270165209,1.8197789458661593,1.760072423564444,-0.19193253193008886,-0.7013304945500445,63798
ByteDance,60,extratrees,2,21.800341044730505,7.290406672857255,14.50993437187325,1.4761822206532458,0.4926956957898367,0.5056898335371015,1.4214723004515473,1.4284159912648622,5.566575611763636,20.34052897385023,63798
ByteDance,60,bilstm,2,,,,,0.45523370638578015,0.544593874416126,,,,,63798
ByteDance,60,linear_reg,2,26.798933029174805,9.318090438842773,17.48084259033203,1.8146555423736572,0.47559484623342424,0.5244051537665757,1.7125186920166016,1.8257015943527222,0.5679836273193359,2.075438976287842,63798
ByteDance,60,naive,3,36.537506103515625,9.025737762451172,27.511768341064453,2.474090576171875,0.4868647919997492,0.4829775228063576,1.7968018054962158,1.768420934677124,0.0,0.0,63798
ByteDance,60,hetero_ensemble,3,35.399919515286676,8.44614058183624,26.953778933450437,2.397060288818434,0.5131352080002508,0.4868647919997492,1.7603594504954725,1.6548599842150693,1.1375865882289489,3.113476286547895,63798
ByteDance,60,homo_ensemble,3,35.403763007905766,8.418482694473033,26.98528031343273,2.397320546006974,0.511254271293771,0.488745728706229,1.7624168151452453,1.6494409492603674,1.1337430956098586,3.1029569790500022,63798
ByteDance,60,xgboost,3,32.656925201416016,7.986956596374512,24.669967651367188,2.211322069168091,0.4898899652026709,0.5101100347973291,1.6112031936645508,1.5648915767669678,3.8805809020996094,10.62081527709961,63798
ByteDance,60,lightgbm,3,36.84670976349377,8.983128038285152,27.86358172520862,2.4950278406579063,0.5062070911313834,0.4902818270165209,1.8197789458661593,1.760072423564444,-0.30920365997814514,-0.8462637244647457,63798
ByteDance,60,extratrees,3,29.055308230667134,7.290406672857255,21.76490155780988,1.9674430476893008,0.4926956957898367,0.5056898335371015,1.4214723004515473,1.4284159912648622,7.4821978728484915,20.47812965573082,63798
ByteDance,60,bilstm,3,,,,,0.45523370638578015,0.544593874416126,,,,,63798
ByteDance,60,linear_reg,3,35.53935241699219,9.318090438842773,26.221263885498047,2.406501531600952,0.47559484623342424,0.5244051537665757,1.7125186920166016,1.8257015943527222,0.9981536865234375,2.731860399246216,63798
ByteDance,60,naive,5,54.878684997558594,9.025737762451172,45.85294723510742,3.7160401344299316,0.4868647919997492,0.4829775228063576,1.7968018054962158,1.768420934677124,0.0,0.0,63798
ByteDance,60,hetero_ensemble,5,53.36910547092029,8.44614058183624,44.92296488908405,3.613820741000904,0.5131352080002508,0.4868647919997492,1.7603594504954725,1.6548599842150693,1.509579526638305,2.7507574693261367,63798
ByteDance,60,homo_ensemble,5,53.393949883527576,8.418482694473033,44.97546718905454,3.6155030486353663,0.511254271293771,0.488745728706229,1.7624168151452453,1.6494409492603674,1.484735114031018,2.705485953420841,63798
ByteDance,60,xgboost,5,49.103572845458984,7.986956596374512,41.116615295410156,3.3249857425689697,0.4898899652026709,0.5101100347973291,1.6112031936645508,1.5648915767669678,5.775112152099609,10.523415565490723,63798
ByteDance,60,lightgbm,5,55.42243091363284,8.983128038285152,46.439302875347686,3.7528590480405946,0.5062070911313834,0.4902818270165209,1.8197789458661593,1.760072423564444,-0.5437459160742435,-0.9908144047154798,63798
ByteDance,60,extratrees,5,43.56524260254038,7.290406672857255,36.27483592968312,2.9499647017614103,0.4926956957898367,0.5056898335371015,1.4214723004515473,1.4284159912648622,11.313442395018214,20.615367142127255,63798
ByteDance,60,bilstm,5,,,,,0.45523370638578015,0.544593874416126,,,,,63798
ByteDance,60,linear_reg,5,53.02019500732422,9.318090438842773,43.70210647583008,3.5901949405670166,0.47559484623342424,0.5244051537665757,1.7125186920166016,1.8257015943527222,1.858489990234375,3.386542558670044,63798
ByteDance,60,naive,10,100.73162841796875,9.025737762451172,91.70589447021484,6.820912837982178,0.4868647919997492,0.4829775228063576,1.7968018054962158,1.768420934677124,0.0,0.0,63798
ByteDance,60,hetero_ensemble,10,98.29207036000435,8.44614058183624,89.8459297781681,6.65572187145708,0.5131352080002508,0.4868647919997492,1.7603594504954725,1.6548599842150693,2.4395580579644047,2.421839194182262,63798
ByteDance,60,homo_ensemble,10,98.36941707258211,8.418482694473033,89.95093437810908,6.66095930520635,0.511254271293771,0.488745728706229,1.7624168151452453,1.6494409492603674,2.3622113453866405,2.3450542619891404,63798
ByteDance,60,xgboost,10,90.22018432617188,7.986956596374512,82.23323059082031,6.109145164489746,0.4898899652026709,0.5101100347973291,1.6112031936645508,1.5648915767669678,10.511444091796875,10.435097694396973,63798
ByteDance,60,lightgbm,10,101.86173378898053,8.983128038285152,92.87860575069537,6.897437066497317,0.5062070911313834,0.4902818270165209,1.8197789458661593,1.760072423564444,-1.1301053710117799,-1.1218972518964947,63798
ByteDance,60,extratrees,10,79.8400785322235,7.290406672857255,72.54967185936624,5.406268836941684,0.4926956957898367,0.5056898335371015,1.4214723004515473,1.4284159912648622,20.89154988574525,20.739811530753098,63798
ByteDance,60,bilstm,10,,,,,0.45523370638578015,0.544593874416126,,,,,63798
ByteDance,60,linear_reg,10,96.72230529785156,9.318090438842773,87.40421295166016,6.549427509307861,0.47559484623342424,0.5244051537665757,1.7125186920166016,1.8257015943527222,4.0093231201171875,3.9802029132843018,63798
ByteDance,120,naive,1,19.465604782104492,9.569647789001465,9.895956993103027,1.3297187089920044,0.4912080961416825,0.48132511068943706,1.9560320377349854,1.8915338516235352,0.0,0.0,63240
ByteDance,120,hetero_ensemble,1,17.847298982350804,8.852470463174017,8.994828519176787,1.2191703289651403,0.5058349146110057,0.4941650853889943,1.7779151880093274,1.7497767360796208,1.6183057997536885,8.313668225923612,63240
ByteDance,120,homo_ensemble,1,17.867134124369304,8.86012040236757,9.007013722001734,1.2205252912282636,0.5056451612903226,0.49435483870967745,1.7803237116543593,1.7512888208348303,1.598470657735188,8.211769814646221,63240
ByteDance,120,xgboost,1,17.007904052734375,8.31161880493164,8.69628620147705,1.161830186843872,0.4940543959519292,0.5059456040480709,1.7189053297042847,1.6428720951080322,2.457700729370117,12.625864028930664,63240
ByteDance,120,lightgbm,1,15.869072258118194,7.61221372472919,8.256858533389003,1.0840352965697437,0.5039690069576218,0.49603099304237824,1.6320482553346383,1.5046279500176294,3.5965325239862977,18.476346171852487,63240
ByteDance,120,extratrees,1,15.588688492596724,7.6619925729981135,7.926695919598609,1.0648819463633434,0.5028937381404175,0.4961891208096142,1.5667884091553228,1.5144672226830553,3.8769162895077685,19.916752306981863,63240
ByteDance,120,bilstm,1,,,,,0.5606419987349779,0.43918406072106264,,,,,63240
ByteDance,120,linear_reg,1,19.343883514404297,9.903984069824219,9.439898490905762,1.3214037418365479,0.49816571790006325,0.5018342820999367,1.8658874034881592,1.9576185941696167,0.12172126770019531,0.6253145933151245,63240
ByteDance,120,naive,2,29.361560821533203,9.569647789001465,19.791913986206055,2.005723237991333,0.4912080961416825,0.48132511068943706,1.9560320377349854,1.8915338516235352,0.0,0.0,63240
ByteDance,120,hetero_ensemble,2,26.842127501527592,8.852470463174017,17.989657038353574,1.8336178179411637,0.5058349146110057,0.4941650853889943,1.7779151880093274,1.7497767360796208,2.5194333200056107,8.5807199941425,63240
ByteDance,120,homo_ensemble,2,26.874147846371038,8.86012040236757,18.014027444003467,1.8358051659760102,0.5056451612903226,0.49435483870967745,1.7803237116543593,1.7512888208348303,2.487412975162165,8.471664671647648,63240
ByteDance,120,xgboost,2,25.704191207885742,8.31161880493164,17.3925724029541,1.7558839321136475,0.4940543959519292,0.5059456040480709,1.7189053297042847,1.6428720951080322,3.657369613647461,12.456318855285645,63240
ByteDance,120,lightgbm,2,24.125930791507198,7.61221372472919,16.513717066778007,1.6480711736133948,0.5039690069576218,0.49603099304237824,1.6320482553346383,1.5046279500176294,5.235630030026005,17.831579396781574,63240
ByteDance,120,extratrees,2,23.51538441219533,7.6619925729981135,15.853391839197219,1.6063640205674232,0.5028937381404175,0.4961891208096142,1.5667884091553228,1.5144672226830553,5.846176409337872,19.910986493096782,63240
ByteDance,120,bilstm,2,,,,,0.5606419987349779,0.43918406072106264,,,,,63240
ByteDance,120,linear_reg,2,28.783781051635742,9.903984069824219,18.879796981811523,1.9662545919418335,0.49816571790006325,0.5018342820999367,1.8658874034881592,1.9576185941696167,0.5777797698974609,1.9678101539611816,63240
ByteDance,120,naive,3,39.25751876831055,9.569647789001465,29.687870025634766,2.681727886199951,0.4912080961416825,0.48132511068943706,1.9560320377349854,1.8915338516235352,0.0,0.0,63240
ByteDance,120,hetero_ensemble,3,35.836956020704385,8.852470463174017,26.984485557530366,2.4480653069171874,0.5058349146110057,0.4941650853889943,1.7779151880093274,1.7497767360796208,3.420562747606162,8.713140450351919,63240
ByteDance,120,homo_ensemble,3,35.881161568372775,8.86012040236757,27.0210411660052,2.4510850407237568,0.5056451612903226,0.49435483870967745,1.7803237116543593,1.7512888208348303,3.3763571999377717,8.600536421734413,63240
ByteDance,120,xgboost,3,34.400474548339844,8.31161880493164,26.088855743408203,2.3499374389648438,0.4940543959519292,0.5059456040480709,1.7189053297042847,1.6428720951080322,4.857044219970703,12.372264862060547,63240
ByteDance,120,lightgbm,3,32.3827893248962,7.61221372472919,24.770575600167014,2.2121070506570457,0.5039690069576218,0.49603099304237824,1.6320482553346383,1.5046279500176294,6.8747294434143456,17.511879657977172,63240
ByteDance,120,extratrees,3,31.442080331793942,7.6619925729981135,23.78008775879583,2.1478460947715026,0.5028937381404175,0.4961891208096142,1.5667884091553228,1.5144672226830553,7.8154384365166045,19.908131440098508,63240
ByteDance,120,bilstm,3,,,,,0.5606419987349779,0.43918406072106264,,,,,63240
ByteDance,120,linear_reg,3,38.22367858886719,9.903984069824219,28.31969451904297,2.61110520362854,0.49816571790006325,0.5018342820999367,1.8658874034881592,1.9576185941696167,1.0338401794433594,2.6334831714630127,63240
ByteDance,120,naive,5,59.049434661865234,9.569647789001465,49.47978591918945,4.033737659454346,0.4912080961416825,0.48132511068943706,1.9560320377349854,1.8915338516235352,0.0,0.0,63240
ByteDance,120,hetero_ensemble,5,53.82661305905795,8.852470463174017,44.97414259588393,3.6769602848692333,0.5058349146110057,0.4941650853889943,1.7779151880093274,1.7497767360796208,5.2228216028072865,8.844829138017543,63240
ByteDance,120,homo_ensemble,5,53.895189012376235,8.86012040236757,45.035068610008665,3.681644790219249,0.5056451612903226,0.49435483870967745,1.7803237116543593,1.7512888208348303,5.154245649488999,8.728696013778547,63240
ByteDance,120,xgboost,5,51.79304885864258,8.31161880493164,43.48143005371094,3.5380451679229736,0.4940543959519292,0.5059456040480709,1.7189053297042847,1.6428720951080322,7.256385803222656,12.28866195678711,63240
ByteDance,120,lightgbm,5,48.8965063916742,7.61221372472919,41.284292666945014,3.340178804744348,0.5039690069576218,0.49603099304237824,1.6320482553346383,1.5046279500176294,10.152928270191033,17.193946611563252,63240
ByteDance,120,extratrees,5,47.29547217099116,7.6619925729981135,39.633479597993045,3.230810243179662,0.5028937381404175,0.4961891208096142,1.5667884091553228,1.5144672226830553,11.753962490874073,19.905292164405616,63240
ByteDance,120,bilstm,5,,,,,0.5606419987349779,0.43918406072106264,,,,,63240
ByteDance,120,linear_reg,5,57.10347366333008,9.903984069824219,47.19948959350586,3.9008066654205322,0.49816571790006325,0.5018342820999367,1.8658874034881592,1.9576185941696167,1.9459609985351562,3.295477867126465,63240
ByteDance,120,naive,10,108.52922058105469,9.569647789001465,98.9595718383789,7.413760662078857,0.4912080961416825,0.48132511068943706,1.9560320377349854,1.8915338516235352,0.0,0.0,63240
ByteDance,120,hetero_ensemble,10,98.80075565494188,8.852470463174017,89.94828519176787,6.74919772974935,0.5058349146110057,0.4941650853889943,1.7779151880093274,1.7497767360796208,9.728464926112807,8.963913012576308,63240
ByteDance,120,homo_ensemble,10,98.9302576223849,8.86012040236757,90.07013722001733,6.758044163957981,0.5056451612903226,0.49435483870967745,1.7803237116543593,1.7512888208348303,9.598962958669787,8.844588496331118,63240
ByteDance,120,xgboost,10,95.27447509765625,8.31161880493164,86.96286010742188,6.508313179016113,0.4940543959519292,0.5059456040480709,1.7189053297042847,1.6428720951080322,13.254745483398438,12.213067054748535,63240
ByteDance,120,lightgbm,10,90.18079905861921,7.61221372472919,82.56858533389003,6.160358189962603,0.5039690069576218,0.49603099304237824,1.6320482553346383,1.5046279500176294,18.348421522435473,16.90643443691924,63240
ByteDance,120,extratrees,10,86.9289517689842,7.6619925729981135,79.26695919598609,5.938220614200059,0.5028937381404175,0.4961891208096142,1.5667884091553228,1.5144672226830553,21.60026881207048,19.90272177062065,63240
ByteDance,120,bilstm,10,,,,,0.5606419987349779,0.43918406072106264,,,,,63240
ByteDance,120,linear_reg,10,104.30296325683594,9.903984069824219,94.39897918701172,7.125060081481934,0.49816571790006325,0.5018342820999367,1.8658874034881592,1.9576185941696167,4.22625732421875,3.8941192626953125,63240
