Horizon,Strategy,variant,safety_margin,violation_rate,waste_rate,viol_severity
10min,Reactive,lag=1,1.0,0.020121009815959,0.46715525211484055,0.01770134208705103
10min,Reactive,lag=1,1.067,0.020121009815959,0.46715525211484055,0.01770134208705103
10min,Reactive,lag=1,1.133,0.020121009815959,0.46715525211484055,0.01770134208705103
10min,Reactive,lag=1,1.2,0.020121009815959,0.46715525211484055,0.01770134208705103
10min,Reactive,lag=1,1.267,0.020121009815959,0.46715525211484055,0.01770134208705103
10min,Reactive,lag=1,1.333,0.020121009815959,0.46715525211484055,0.01770134208705103
10min,Reactive,lag=1,1.4,0.020121009815959,0.46715525211484055,0.01770134208705103
10min,Reactive,lag=1,1.467,0.020121009815959,0.46715525211484055,0.01770134208705103
10min,Reactive,lag=1,1.533,0.020121009815959,0.46715525211484055,0.01770134208705103
10min,Reactive,lag=1,1.6,0.020121009815959,0.46715525211484055,0.01770134208705103
10min,Reactive,lag=2,1.0,0.02422710622272056,0.4688395408253569,0.020806326318282945
10min,Reactive,lag=2,1.067,0.02422710622272056,0.4688395408253569,0.020806326318282945
10min,Reactive,lag=2,1.133,0.02422710622272056,0.4688395408253569,0.020806326318282945
10min,Reactive,lag=2,1.2,0.02422710622272056,0.4688395408253569,0.020806326318282945
10min,Reactive,lag=2,1.267,0.02422710622272056,0.4688395408253569,0.020806326318282945
10min,Reactive,lag=2,1.333,0.02422710622272056,0.4688395408253569,0.020806326318282945
10min,Reactive,lag=2,1.4,0.02422710622272056,0.4688395408253569,0.020806326318282945
10min,Reactive,lag=2,1.467,0.02422710622272056,0.4688395408253569,0.020806326318282945
10min,Reactive,lag=2,1.533,0.02422710622272056,0.4688395408253569,0.020806326318282945
10min,Reactive,lag=2,1.6,0.02422710622272056,0.4688395408253569,0.020806326318282945
10min,Reactive,lag=3,1.0,0.027650748933067456,0.4702924445479121,0.023484752599872736
10min,Reactive,lag=3,1.067,0.027650748933067456,0.4702924445479121,0.023484752599872736
10min,Reactive,lag=3,1.133,0.027650748933067456,0.4702924445479121,0.023484752599872736
10min,Reactive,lag=3,1.2,0.027650748933067456,0.4702924445479121,0.023484752599872736
10min,Reactive,lag=3,1.267,0.027650748933067456,0.4702924445479121,0.023484752599872736
10min,Reactive,lag=3,1.333,0.027650748933067456,0.4702924445479121,0.023484752599872736
10min,Reactive,lag=3,1.4,0.027650748933067456,0.4702924445479121,0.023484752599872736
10min,Reactive,lag=3,1.467,0.027650748933067456,0.4702924445479121,0.023484752599872736
10min,Reactive,lag=3,1.533,0.027650748933067456,0.4702924445479121,0.023484752599872736
10min,Reactive,lag=3,1.6,0.027650748933067456,0.4702924445479121,0.023484752599872736
10min,Reactive,lag=4,1.0,0.030594279481550704,0.4715721148034941,0.02584388455125198
10min,Reactive,lag=4,1.067,0.030594279481550704,0.4715721148034941,0.02584388455125198
10min,Reactive,lag=4,1.133,0.030594279481550704,0.4715721148034941,0.02584388455125198
10min,Reactive,lag=4,1.2,0.030594279481550704,0.4715721148034941,0.02584388455125198
10min,Reactive,lag=4,1.267,0.030594279481550704,0.4715721148034941,0.02584388455125198
10min,Reactive,lag=4,1.333,0.030594279481550704,0.4715721148034941,0.02584388455125198
10min,Reactive,lag=4,1.4,0.030594279481550704,0.4715721148034941,0.02584388455125198
10min,Reactive,lag=4,1.467,0.030594279481550704,0.4715721148034941,0.02584388455125198
10min,Reactive,lag=4,1.533,0.030594279481550704,0.4715721148034941,0.02584388455125198
10min,Reactive,lag=4,1.6,0.030594279481550704,0.4715721148034941,0.02584388455125198
10min,ML-Proactive,ML,1.0,0.015289357374061851,0.47165159564225945,0.013878460884630212
10min,ML-Proactive,ML,1.067,0.014700292078209193,0.4948419121739453,0.013527959953367178
10min,ML-Proactive,ML,1.133,0.014079498671909187,0.5149851302175047,0.013242717105049257
10min,ML-Proactive,ML,1.2,0.013592202786925384,0.532361757223652,0.012997621911852818
10min,ML-Proactive,ML,1.267,0.013038457463080152,0.5479040597934791,0.012765473829418622
10min,ML-Proactive,ML,1.333,0.012567324955116697,0.561677311385456,0.012565083906567145
10min,ML-Proactive,ML,1.4,0.012308710922791139,0.5738361206472192,0.012398193907078064
10min,ML-Proactive,ML,1.467,0.012148873083367706,0.5849068160904662,0.012247995810477521
10min,ML-Proactive,ML,1.533,0.011991429818317656,0.59507615827816,0.01211411223461326
10min,ML-Proactive,ML,1.6,0.011851945861067992,0.6041819163294354,0.011995556180010126
30min,Reactive,lag=1,1.0,0.020164057866714644,0.4670396063583551,0.01774992749428467
30min,Reactive,lag=1,1.067,0.020164057866714644,0.4670396063583551,0.01774992749428467
30min,Reactive,lag=1,1.133,0.020164057866714644,0.4670396063583551,0.01774992749428467
30min,Reactive,lag=1,1.2,0.020164057866714644,0.4670396063583551,0.01774992749428467
30min,Reactive,lag=1,1.267,0.020164057866714644,0.4670396063583551,0.01774992749428467
30min,Reactive,lag=1,1.333,0.020164057866714644,0.4670396063583551,0.01774992749428467
30min,Reactive,lag=1,1.4,0.020164057866714644,0.4670396063583551,0.01774992749428467
30min,Reactive,lag=1,1.467,0.020164057866714644,0.4670396063583551,0.01774992749428467
30min,Reactive,lag=1,1.533,0.020164057866714644,0.4670396063583551,0.01774992749428467
30min,Reactive,lag=1,1.6,0.020164057866714644,0.4670396063583551,0.01774992749428467
30min,Reactive,lag=2,1.0,0.024279740410320345,0.46872833160057814,0.020862448145203997
30min,Reactive,lag=2,1.067,0.024279740410320345,0.46872833160057814,0.020862448145203997
30min,Reactive,lag=2,1.133,0.024279740410320345,0.46872833160057814,0.020862448145203997
30min,Reactive,lag=2,1.2,0.024279740410320345,0.46872833160057814,0.020862448145203997
30min,Reactive,lag=2,1.267,0.024279740410320345,0.46872833160057814,0.020862448145203997
30min,Reactive,lag=2,1.333,0.024279740410320345,0.46872833160057814,0.020862448145203997
30min,Reactive,lag=2,1.4,0.024279740410320345,0.46872833160057814,0.020862448145203997
30min,Reactive,lag=2,1.467,0.024279740410320345,0.46872833160057814,0.020862448145203997
30min,Reactive,lag=2,1.533,0.024279740410320345,0.46872833160057814,0.020862448145203997
30min,Reactive,lag=2,1.6,0.024279740410320345,0.46872833160057814,0.020862448145203997
30min,Reactive,lag=3,1.0,0.027707254662855087,0.4701813619595571,0.02354058030404259
30min,Reactive,lag=3,1.067,0.027707254662855087,0.4701813619595571,0.02354058030404259
30min,Reactive,lag=3,1.133,0.027707254662855087,0.4701813619595571,0.02354058030404259
30min,Reactive,lag=3,1.2,0.027707254662855087,0.4701813619595571,0.02354058030404259
30min,Reactive,lag=3,1.267,0.027707254662855087,0.4701813619595571,0.02354058030404259
30min,Reactive,lag=3,1.333,0.027707254662855087,0.4701813619595571,0.02354058030404259
30min,Reactive,lag=3,1.4,0.027707254662855087,0.4701813619595571,0.02354058030404259
30min,Reactive,lag=3,1.467,0.027707254662855087,0.4701813619595571,0.02354058030404259
30min,Reactive,lag=3,1.533,0.027707254662855087,0.4701813619595571,0.02354058030404259
30min,Reactive,lag=3,1.6,0.027707254662855087,0.4701813619595571,0.02354058030404259
30min,Reactive,lag=4,1.0,0.030654383831922163,0.47145920598273666,0.02589584187061223
30min,Reactive,lag=4,1.067,0.030654383831922163,0.47145920598273666,0.02589584187061223
30min,Reactive,lag=4,1.133,0.030654383831922163,0.47145920598273666,0.02589584187061223
30min,Reactive,lag=4,1.2,0.030654383831922163,0.47145920598273666,0.02589584187061223
30min,Reactive,lag=4,1.267,0.030654383831922163,0.47145920598273666,0.02589584187061223
30min,Reactive,lag=4,1.333,0.030654383831922163,0.47145920598273666,0.02589584187061223
30min,Reactive,lag=4,1.4,0.030654383831922163,0.47145920598273666,0.02589584187061223
30min,Reactive,lag=4,1.467,0.030654383831922163,0.47145920598273666,0.02589584187061223
30min,Reactive,lag=4,1.533,0.030654383831922163,0.47145920598273666,0.02589584187061223
30min,Reactive,lag=4,1.6,0.030654383831922163,0.47145920598273666,0.02589584187061223
30min,ML-Proactive,ML,1.0,0.015650982366293323,0.47000868001789814,0.014116510520080268
30min,ML-Proactive,ML,1.067,0.015164539463362004,0.49333618091883763,0.013761995733023976
30min,ML-Proactive,ML,1.133,0.014540584058605768,0.5136083819021854,0.01346489842741855
30min,ML-Proactive,ML,1.2,0.014094728546080924,0.5310776002331882,0.013214122586909988
30min,ML-Proactive,ML,1.267,0.013450176555148269,0.5468858738712297,0.01297036248160938
30min,ML-Proactive,ML,1.333,0.012965550998056045,0.5604615599414281,0.012766289715225731
30min,ML-Proactive,ML,1.4,0.012676593009639808,0.572727041774838,0.012594683070766752
30min,ML-Proactive,ML,1.467,0.012469415583982882,0.5836617381827778,0.012445327168097016
30min,ML-Proactive,ML,1.533,0.012325845262694313,0.5940532599352113,0.012302722809769661
30min,ML-Proactive,ML,1.6,0.012175005558049358,0.6031195324851554,0.012182398547772167
60min,Reactive,lag=1,1.0,0.02015503015297616,0.4669701822003074,0.01772216759981713
60min,Reactive,lag=1,1.067,0.02015503015297616,0.4669701822003074,0.01772216759981713
60min,Reactive,lag=1,1.133,0.02015503015297616,0.4669701822003074,0.01772216759981713
60min,Reactive,lag=1,1.2,0.02015503015297616,0.4669701822003074,0.01772216759981713
60min,Reactive,lag=1,1.267,0.02015503015297616,0.4669701822003074,0.01772216759981713
60min,Reactive,lag=1,1.333,0.02015503015297616,0.4669701822003074,0.01772216759981713
60min,Reactive,lag=1,1.4,0.02015503015297616,0.4669701822003074,0.01772216759981713
60min,Reactive,lag=1,1.467,0.02015503015297616,0.4669701822003074,0.01772216759981713
60min,Reactive,lag=1,1.533,0.02015503015297616,0.4669701822003074,0.01772216759981713
60min,Reactive,lag=1,1.6,0.02015503015297616,0.4669701822003074,0.01772216759981713
60min,Reactive,lag=2,1.0,0.024285219952961727,0.468658969711137,0.02083448901165115
60min,Reactive,lag=2,1.067,0.024285219952961727,0.468658969711137,0.02083448901165115
60min,Reactive,lag=2,1.133,0.024285219952961727,0.468658969711137,0.02083448901165115
60min,Reactive,lag=2,1.2,0.024285219952961727,0.468658969711137,0.02083448901165115
60min,Reactive,lag=2,1.267,0.024285219952961727,0.468658969711137,0.02083448901165115
60min,Reactive,lag=2,1.333,0.024285219952961727,0.468658969711137,0.02083448901165115
60min,Reactive,lag=2,1.4,0.024285219952961727,0.468658969711137,0.02083448901165115
60min,Reactive,lag=2,1.467,0.024285219952961727,0.468658969711137,0.02083448901165115
60min,Reactive,lag=2,1.533,0.024285219952961727,0.468658969711137,0.02083448901165115
60min,Reactive,lag=2,1.6,0.024285219952961727,0.468658969711137,0.02083448901165115
60min,Reactive,lag=3,1.0,0.027722110270392966,0.47011879768993653,0.02352487824729667
60min,Reactive,lag=3,1.067,0.027722110270392966,0.47011879768993653,0.02352487824729667
60min,Reactive,lag=3,1.133,0.027722110270392966,0.47011879768993653,0.02352487824729667
60min,Reactive,lag=3,1.2,0.027722110270392966,0.47011879768993653,0.02352487824729667
60min,Reactive,lag=3,1.267,0.027722110270392966,0.47011879768993653,0.02352487824729667
60min,Reactive,lag=3,1.333,0.027722110270392966,0.47011879768993653,0.02352487824729667
60min,Reactive,lag=3,1.4,0.027722110270392966,0.47011879768993653,0.02352487824729667
60min,Reactive,lag=3,1.467,0.027722110270392966,0.47011879768993653,0.02352487824729667
60min,Reactive,lag=3,1.533,0.027722110270392966,0.47011879768993653,0.02352487824729667
60min,Reactive,lag=3,1.6,0.027722110270392966,0.47011879768993653,0.02352487824729667
60min,Reactive,lag=4,1.0,0.030680352546487766,0.4714044043177907,0.025894208090959693
60min,Reactive,lag=4,1.067,0.030680352546487766,0.4714044043177907,0.025894208090959693
60min,Reactive,lag=4,1.133,0.030680352546487766,0.4714044043177907,0.025894208090959693
60min,Reactive,lag=4,1.2,0.030680352546487766,0.4714044043177907,0.025894208090959693
60min,Reactive,lag=4,1.267,0.030680352546487766,0.4714044043177907,0.025894208090959693
60min,Reactive,lag=4,1.333,0.030680352546487766,0.4714044043177907,0.025894208090959693
60min,Reactive,lag=4,1.4,0.030680352546487766,0.4714044043177907,0.025894208090959693
60min,Reactive,lag=4,1.467,0.030680352546487766,0.4714044043177907,0.025894208090959693
60min,Reactive,lag=4,1.533,0.030680352546487766,0.4714044043177907,0.025894208090959693
60min,Reactive,lag=4,1.6,0.030680352546487766,0.4714044043177907,0.025894208090959693
60min,ML-Proactive,ML,1.0,0.01586323495759092,0.470407381271781,0.014164720743485322
60min,ML-Proactive,ML,1.067,0.015245803656846363,0.4942384291434461,0.013784781533758879
60min,ML-Proactive,ML,1.133,0.014600615704220183,0.5144461054500926,0.013486018763114956
60min,ML-Proactive,ML,1.2,0.014099145526892187,0.5319578097877043,0.013229009853074233
60min,ML-Proactive,ML,1.267,0.013501452289707895,0.5476777685725883,0.012992145611642351
60min,ML-Proactive,ML,1.333,0.013011701587618807,0.5613110305730509,0.01278490060847659
60min,ML-Proactive,ML,1.4,0.012711929747297273,0.5736574437610378,0.012608440484638883
60min,ML-Proactive,ML,1.467,0.0125133154827221,0.584616165223743,0.012460613287399504
60min,ML-Proactive,ML,1.533,0.012335672910679711,0.594962605804813,0.012316701448598935
60min,ML-Proactive,ML,1.6,0.012191955135381528,0.6040191377378592,0.012194578131186865
120min,Reactive,lag=1,1.0,0.020139791739881615,0.46722855462395857,0.017838005581128007
120min,Reactive,lag=1,1.067,0.020139791739881615,0.46722855462395857,0.017838005581128007
120min,Reactive,lag=1,1.133,0.020139791739881615,0.46722855462395857,0.017838005581128007
120min,Reactive,lag=1,1.2,0.020139791739881615,0.46722855462395857,0.017838005581128007
120min,Reactive,lag=1,1.267,0.020139791739881615,0.46722855462395857,0.017838005581128007
120min,Reactive,lag=1,1.333,0.020139791739881615,0.46722855462395857,0.017838005581128007
120min,Reactive,lag=1,1.4,0.020139791739881615,0.46722855462395857,0.017838005581128007
120min,Reactive,lag=1,1.467,0.020139791739881615,0.46722855462395857,0.017838005581128007
120min,Reactive,lag=1,1.533,0.020139791739881615,0.46722855462395857,0.017838005581128007
120min,Reactive,lag=1,1.6,0.020139791739881615,0.46722855462395857,0.017838005581128007
120min,Reactive,lag=2,1.0,0.02430384187235666,0.46895060125200155,0.021012855588079714
120min,Reactive,lag=2,1.067,0.02430384187235666,0.46895060125200155,0.021012855588079714
120min,Reactive,lag=2,1.133,0.02430384187235666,0.46895060125200155,0.021012855588079714
120min,Reactive,lag=2,1.2,0.02430384187235666,0.46895060125200155,0.021012855588079714
120min,Reactive,lag=2,1.267,0.02430384187235666,0.46895060125200155,0.021012855588079714
120min,Reactive,lag=2,1.333,0.02430384187235666,0.46895060125200155,0.021012855588079714
120min,Reactive,lag=2,1.4,0.02430384187235666,0.46895060125200155,0.021012855588079714
120min,Reactive,lag=2,1.467,0.02430384187235666,0.46895060125200155,0.021012855588079714
120min,Reactive,lag=2,1.533,0.02430384187235666,0.46895060125200155,0.021012855588079714
120min,Reactive,lag=2,1.6,0.02430384187235666,0.46895060125200155,0.021012855588079714
120min,Reactive,lag=3,1.0,0.02777078968442197,0.47043767940926046,0.02375447486848475
120min,Reactive,lag=3,1.067,0.02777078968442197,0.47043767940926046,0.02375447486848475
120min,Reactive,lag=3,1.133,0.02777078968442197,0.47043767940926046,0.02375447486848475
120min,Reactive,lag=3,1.2,0.02777078968442197,0.47043767940926046,0.02375447486848475
120min,Reactive,lag=3,1.267,0.02777078968442197,0.47043767940926046,0.02375447486848475
120min,Reactive,lag=3,1.333,0.02777078968442197,0.47043767940926046,0.02375447486848475
120min,Reactive,lag=3,1.4,0.02777078968442197,0.47043767940926046,0.02375447486848475
120min,Reactive,lag=3,1.467,0.02777078968442197,0.47043767940926046,0.02375447486848475
120min,Reactive,lag=3,1.533,0.02777078968442197,0.47043767940926046,0.02375447486848475
120min,Reactive,lag=3,1.6,0.02777078968442197,0.47043767940926046,0.02375447486848475
120min,Reactive,lag=4,1.0,0.030755719087608928,0.4717528323800097,0.026179149870857402
120min,Reactive,lag=4,1.067,0.030755719087608928,0.4717528323800097,0.026179149870857402
120min,Reactive,lag=4,1.133,0.030755719087608928,0.4717528323800097,0.026179149870857402
120min,Reactive,lag=4,1.2,0.030755719087608928,0.4717528323800097,0.026179149870857402
120min,Reactive,lag=4,1.267,0.030755719087608928,0.4717528323800097,0.026179149870857402
120min,Reactive,lag=4,1.333,0.030755719087608928,0.4717528323800097,0.026179149870857402
120min,Reactive,lag=4,1.4,0.030755719087608928,0.4717528323800097,0.026179149870857402
120min,Reactive,lag=4,1.467,0.030755719087608928,0.4717528323800097,0.026179149870857402
120min,Reactive,lag=4,1.533,0.030755719087608928,0.4717528323800097,0.026179149870857402
120min,Reactive,lag=4,1.6,0.030755719087608928,0.4717528323800097,0.026179149870857402
120min,ML-Proactive,ML,1.0,0.01702427567612204,0.47376459231565504,0.01461790889618678
120min,ML-Proactive,ML,1.067,0.016163940029996524,0.4972274751024308,0.014192975465672532
120min,ML-Proactive,ML,1.133,0.015404104902056804,0.5173926141021312,0.013851667591799637
120min,ML-Proactive,ML,1.2,0.014746690684370121,0.5348658227260483,0.013568534018198984
120min,ML-Proactive,ML,1.267,0.014108480387355883,0.550303946421379,0.013313679618341786
120min,ML-Proactive,ML,1.333,0.013582933091619984,0.56390656726857,0.013095836752471895
120min,ML-Proactive,ML,1.4,0.01322253951366711,0.5761435694011103,0.012903507295001317
120min,ML-Proactive,ML,1.467,0.012913996521529835,0.5871618043284587,0.012737872134503954
120min,ML-Proactive,ML,1.533,0.012723877706872635,0.5972893262158009,0.01258525782433462
120min,ML-Proactive,ML,1.6,0.012558723989089613,0.6063557391574076,0.012456136981582924
